Site,Taxon,Type,i-14:0,14:0,i-15:0,a-15:0,15:0,15:1w7,i-16:0,16:0,16:1w9,16:1w8,16:1w7,16:1w6,16:1w5,i-17:0,a-17:0,17:0,16:2w7,16:2w6,16:2w4,16:3w6,16:3w4,16:3w3,16:4w3,16:4w1,18:0,Cy19:0,18:1w9,18:1w7,18:2w6,18:3w6,18:3w3,18:4w4,18:4w3,18:5w3,20:0,20:1w9,20:1w7,20:2w6,20:3w6,20:4w6,20:3w3,20:4w3,20:5w3,22:0,22:1w9,22:1w7,22:4w6,22:5w6,22:5w3,22:6w3,23:0,24:0,26:0,27:0,28:0,29:0,30:0,Sample_Date,Peri_Chla_mg.cm2,SRP_ug.L,NO3_ug.L,Canopy_Cover_per,Lat_Long,Slurry_Volume_mL,Cobble_SA_cm2,Slurry_AFDM_g,Slurry_Chla_mg,Temp,pH,DO_mg.L,Conductivity_uS.cm,State,EcoRegion,Discharge_L.s,MidPoint_Velocity_m.s,chla.afdm_per,AI,chla_mg.m2,afdm_mg.m2,UrbOp_per,UrbLo_per,UrbMed_per,UrbHi_per,Decid_per,Conif_per,MixFor_per,Hay_per,SepticWs,UrbTot_per,ForTot
Spring,Hydropsychidae,Invert,0.017969232,0.226212889,0.097794949,0.018164594,0.119154525,0,0.032710921,2.498545367,0.065796286,0.015063222,1.311143415,0,0.188630128,0.060529652,0.024204535,0.179378925,0.002181542,0.071954258,0,0,0.009059912,0.009210503,0.006617887,0.002674017,0.678256082,0,2.125330732,0.245256611,0.807781072,0.018575668,1.038043652,0,0.036809452,0,0.041005665,0,0,0.005474205,0,0.243852447,0,0,2.075448307,0.040732972,0,0,0,0,0.005433505,0.008331374,0,0.008376145,0,0,0,0,0,2-Aug-19,0.849,7.2,25.6,96,"36.04519944804692, -92.43342848020193",220,909,0.842285714,0.772,24.4,8.47,8.55,301,AR,Springfield_Plateau,0.4,0.1,0.09165535959689802,1091.043670984456,8.492849284928493,9.266069460946095,3.11,0.46,0.05,0,62.6,4.89,17.7,9.96,4.7,0.51,85.19
Spring,Heptageniidae,Invert,0.005508448,0.104812888,0.052023207,0.005309904,0.050264013,0,0.010998427,1.817589376,0.073932333,0.034144991,1.831418213,0,0.215729856,0.065284115,0.008015646,0.145925397,4.57113e-4,0.09407303,0,0,0.076504173,0.004737358,0.001685317,0.008255746,0.725134343,0,0.728565003,1.243200899,0.528995724,0.036550609,0.383245785,0,0.050083938,0,0.049760726,0,0,0.020103758,0,0.366489574,0,0,1.583528807,0.046002238,0,0,0,0,0.01219431,0.01514477,0,0.004995927,0,0,0,0,0,2-Aug-19,0.849,7.2,25.6,96,"36.04519944804692, -92.43342848020193",220,909,0.842285714,0.772,24.4,8.47,8.55,301,AR,Springfield_Plateau,0.4,0.1,0.09165535959689802,1091.043670984456,8.492849284928493,9.266069460946095,3.11,0.46,0.05,0,62.6,4.89,17.7,9.96,4.7,0.51,85.19
Spring,Psephenidae,Invert,0.006622977,0.513773734,0.035677114,0.0068792,0.039458345,0,0.01538891,4.817947724,0.093164242,0.01019457,7.976859179,0,0.066082245,0.015287973,0.015893591,0.080298741,0.019519535,0.590174779,0,0,0.829199796,0.078551765,0.445012794,0.083148251,0.757069135,0,3.193819901,1.107271648,1.375350802,0.178090525,1.79129393,0,0.197462538,0,0.089546062,0,0,0.011988131,0,0.578722387,0,0,2.640246191,0.027043175,0,0,0,0,0.040514294,0.014410604,0,0.015078336,0,0,0,0,0,2-Aug-19,0.849,7.2,25.6,96,"36.04519944804692, -92.43342848020193",220,909,0.842285714,0.772,24.4,8.47,8.55,301,AR,Springfield_Plateau,0.4,0.1,0.09165535959689802,1091.043670984456,8.492849284928493,9.266069460946095,3.11,0.46,0.05,0,62.6,4.89,17.7,9.96,4.7,0.51,85.19
Spring,Limnephilidae,Invert,0.003177603,0.343193623,0.012197012,0.002043635,0.051217982,0,0.009340908,2.775498211,0.041710094,0.003853,4.940901562,0,0.257570297,0.023536695,0.018180876,0.076925416,0.080486824,1.138810674,0,0,0.162787997,0.272850208,0.408525148,0.170396799,0.697151223,0,2.473204704,0.286956275,1.044008436,0.061805008,2.165086837,0,0.23738317,0,0.038385449,0,0,0.005039305,0,0.10061663,0,0,0.846174589,0.018499882,0,0,0,0,0.002868566,0.003521532,0,0.002011236,0,0,0,0,0,2-Aug-19,0.849,7.2,25.6,96,"36.04519944804692, -92.43342848020193",220,909,0.842285714,0.772,24.4,8.47,8.55,301,AR,Springfield_Plateau,0.4,0.1,0.09165535959689802,1091.043670984456,8.492849284928493,9.266069460946095,3.11,0.46,0.05,0,62.6,4.89,17.7,9.96,4.7,0.51,85.19
Spring,Physidae,Invert,0.0010351205,0.118082625,0.0035061780000000004,7.5701e-4,0.0180301135,0,0.0074309195,0.4851998975,0.0037828510000000003,8.738215000000001e-4,0.1710588125,0,0.0118855575,0.035532092,0.0143826835,0.0374580035,0.0019268789999999998,0.005856971,0,0,0.0024422625,6.568254999999999e-4,4.1931849999999997e-4,8.925770000000001e-4,0.302189078,0,0.077298225,0.084583921,0.0444145565,8.646975e-4,0.0214600315,0,0.003413353,0,0.0047129865,0,0,0.038034314,0,0.071970387,0,0,0.067838155,0.0019496269999999998,0,0,0,0,0.1265628065,0.005757595,0,0.001182862,0,0,0,0,0,2-Aug-19,0.849,7.2,25.6,96,"36.04519944804692, -92.43342848020193",220,909,0.842285714,0.772,24.4,8.47,8.55,301,AR,Springfield_Plateau,0.4,0.1,0.09165535959689802,1091.043670984456,8.492849284928493,9.266069460946095,3.11,0.46,0.05,0,62.6,4.89,17.7,9.96,4.7,0.51,85.19
Roasting Ear,Hydropsychidae,Invert,0.0209136455,1.1053538885,0.059116469500000005,0.007159855,0.079581452,0,0.0221966355,2.887655959,0.0621318495,0.0019880030000000003,3.832841136,0,0.1369465955,0.039726129,0.013916624499999999,0.16652031350000002,0.0050347305,0.6280717735,0,0,0.1314020825,0.1004503635,0.051246316,0.065200545,0.8311255905,0,2.541384497,0.47974459999999997,0.725214225,0.08699200600000001,1.379095724,0,0.130687987,0,0.047269715000000004,0,0,0.007964864,0,0.2613435715,0,0,3.6207140874999997,0.032272261499999996,0,0,0,0,0.016827904,0.02888914,0,0.008626931000000001,0,0,0,0,0,2-Aug-19,2.553,7.9,239.3,1,"35.95118053156019, -92.28777778037545",470,928,1.890444444,2.37,20.2,7.85,7.23,289,AR,Springfield_Plateau,190,0.1,0.12536734456926468,797.6558835443037,25.538793103448278,20.371168577586207,3.09,0.58,0.09,0,73.7,3.83,5.1,11.3,3.57,0.6699999999999999,82.63
Roasting Ear,Heptageniidae,Invert,0.006021537,0.530505409,0.034076636,0.002438844,0.068533933,0,0.007965894,2.658050364,0.043494267,0.005918907,4.327816714,0,0.192028616,0.031887834,0.005256482,0.123300621,0.001565562,0.702560512,0,0,0.280687208,0.077643676,0.012628993,0.102606837,1.03903137,0,1.175867853,2.635093139,0.761010656,0.144520613,1.086233351,0,0.178976044,0,0.054973813,0,0,0.019781317,0,0.558609024,0,0,3.554255436,0.036965182,0,0,0,0,0.005920773,0.006265981,0,0.006101774,0,0,0,0,0,2-Aug-19,2.553,7.9,239.3,1,"35.95118053156019, -92.28777778037545",470,928,1.890444444,2.37,20.2,7.85,7.23,289,AR,Springfield_Plateau,190,0.1,0.12536734456926468,797.6558835443037,25.538793103448278,20.371168577586207,3.09,0.58,0.09,0,73.7,3.83,5.1,11.3,3.57,0.6699999999999999,82.63
Roasting Ear,Amphipod,Invert,0.014428929,0.831661212,0.040740556,0.007939168,0.055452493500000005,0,0.0135847085,2.678687671,0.0306018485,0.002225158,3.0743895095,0,0.055530089500000004,0.028227877999999998,0.007544853,0.153177491,0.003202972,0.32309275800000004,0,0,0.1514573595,0.037368137999999995,0.022181213,0.080255505,0.380928718,0,3.2428801835,0.8475501455,0.484116485,0.0664668325,0.299194138,0,0.0637333525,0,0.0232975615,0,0,0.0625901035,0,0.266051813,0,0,1.8003665475,0.0133429685,0,0,0,0,0.1511270675,0.1804755235,0,0.0074498675,0,0,0,0,0,2-Aug-19,2.553,7.9,239.3,1,"35.95118053156019, -92.28777778037545",470,928,1.890444444,2.37,20.2,7.85,7.23,289,AR,Springfield_Plateau,190,0.1,0.12536734456926468,797.6558835443037,25.538793103448278,20.371168577586207,3.09,0.58,0.09,0,73.7,3.83,5.1,11.3,3.57,0.6699999999999999,82.63
Roasting Ear,Isopod,Invert,0.045935316,0.8616464335,0.1343304425,0.02447768,0.131408603,0,0.06505385250000001,2.7595306094999996,0.012727668000000001,0.001956186,3.397218756,0,0.0941189015,0.098252069,0.027286447999999998,0.13571739300000002,2.826025e-4,0.0382248895,0,0,0.006995010500000001,0.001858296,9.43809e-4,0.0250025075,0.6439469425000001,0,1.5434143169999999,0.371463835,0.0349507295,0.0018588875,0.0200836975,0,0.0100595865,0,0.04462879,0,0,0.0065092255,0,0.0058664905,0,0,0.0349229345,0.048404421,0,0,0,0,2.897695e-4,9.351495e-4,0,0.038426116999999996,0,0,0,0,0,2-Aug-19,2.553,7.9,239.3,1,"35.95118053156019, -92.28777778037545",470,928,1.890444444,2.37,20.2,7.85,7.23,289,AR,Springfield_Plateau,190,0.1,0.12536734456926468,797.6558835443037,25.538793103448278,20.371168577586207,3.09,0.58,0.09,0,73.7,3.83,5.1,11.3,3.57,0.6699999999999999,82.63
Roasting Ear,Physidae,Invert,0.001117493,0.184611189,0.003101025,5.904975e-4,0.0199443845,0,0.0054660795,0.549869021,0.003979277,4.4070800000000005e-4,0.310909514,0,0.015037154,0.026815479,0.0092470995,0.0383599895,0.0030200929999999997,0.031081829000000002,0,0,0.0145911135,0.005863232,0.0027655780000000003,0.008854740500000001,0.32311555150000004,0,0.068186071,0.11343858100000001,0.057391494999999994,0.005832034,0.0644251295,0,0.0100260585,0,0.0037445595000000003,0,0,0.054450883500000005,0,0.132721756,0,0,0.2214400645,0.0016256205,0,0,0,0,0.235882446,0.040917080499999994,0,0.001331239,0,0,0,0,0,2-Aug-19,2.553,7.9,239.3,1,"35.95118053156019, -92.28777778037545",470,928,1.890444444,2.37,20.2,7.85,7.23,289,AR,Springfield_Plateau,190,0.1,0.12536734456926468,797.6558835443037,25.538793103448278,20.371168577586207,3.09,0.58,0.09,0,73.7,3.83,5.1,11.3,3.57,0.6699999999999999,82.63
East Livingstone,Hydropsychidae,Invert,0.0266765895,0.3819423595,0.1254057315,0.029772354,0.149799519,0,0.039383714,2.3120394875,0.1001714945,0.016892831,1.1301118264999999,0,0.520581076,0.0770597925,0.029313046,0.234176078,0.0020676435,0.0641104755,0,0,0.008550122,0.0649547545,0.0059610105,0.0023806920000000002,0.6222844430000001,0,1.833972619,0.24895651600000002,0.6418805265,0.023836307,1.9003273895000001,0,0.072035618,0,0.0453806905,0,0,0.006976907,0,0.2590478965,0,0,1.7565160185,0.040672688,0,0,0,0,0.0088462465,0.009384127,0,0.0064551555,0,0,0,0,0,1-Aug-19,0.51,6.8,68.4,45.1,"35.99504257987518, -92.1222211645147",390,1124,2.60325,0.572,25,NA,NA,NA,AR,Springfield_Plateau,8.3,0.14,0.02197253433208489,4551.136363636364,5.0889679715302485,23.1605871886121,1.62,0.89,0.09,0,48.9,13.2,29.9,0.27,1.93,0.98,92
East Livingstone,Heptageniidae,Invert,0.015720452,0.174422917,0.094961282,0.00720728,0.077846675,0,0.019400505,2.0003826085,0.1317706235,0.0109225675,1.6255948875000001,0,0.380844765,0.12281097699999999,0.011691106,0.183630171,0.0013103265,0.11836011299999999,0,0,0.0665865325,0.033973145999999996,0.003287379,0.0104439705,0.7273950595,0,0.7034803235,1.3356040574999999,0.54237707,0.054917322000000005,0.9325431660000001,0,0.10498086,0,0.0426943965,0,0,0.017236974500000002,0,0.339517779,0,0,1.4568885434999999,0.038047685,0,0,0,0,0.0025956390000000003,0.0038096230000000003,0,0.0029110704999999997,0,0,0,0,0,1-Aug-19,0.51,6.8,68.4,45.1,"35.99504257987518, -92.1222211645147",390,1124,2.60325,0.572,25,NA,NA,NA,AR,Springfield_Plateau,8.3,0.14,0.02197253433208489,4551.136363636364,5.0889679715302485,23.1605871886121,1.62,0.89,0.09,0,48.9,13.2,29.9,0.27,1.93,0.98,92
East Livingstone,Tabanidae,Invert,0.006157197,0.199245567,0.030587602,0.005451838,0.044830712,0,0.009808899,1.858139875,0.059588146,0.007600979,1.175785802,0,0.124124827,0.035881469,0.010896328,0.121321759,0.002285069,0.074224347,0,0,0.024173243,0.054492661,0.023427473,0.012769938,0.489298766,0,1.526845213,0.31227201,0.719782188,0.029724272,1.141315052,0,0.09132563,0,0.009540716,0,0,0.003210853,0,0.151317888,0,0,1.2613509999999999,0.003188811,0,0,0,0,0.010679577,0.009992587,0,0.001458477,0,0,0,0,0,1-Aug-19,0.51,6.8,68.4,45.1,"35.99504257987518, -92.1222211645147",390,1124,2.60325,0.572,25,NA,NA,NA,AR,Springfield_Plateau,8.3,0.14,0.02197253433208489,4551.136363636364,5.0889679715302485,23.1605871886121,1.62,0.89,0.09,0,48.9,13.2,29.9,0.27,1.93,0.98,92
East Livingstone,Physidae,Invert,8.552765e-4,0.1442723365,0.0040345765,0.0013275345,0.019568202,0,0.0060200015,0.4684502465,0.0141533685,0.001079279,0.0738303455,0,0.044323803,0.0409728025,0.017698558,0.078717415,0.010877935500000002,0.0032202295000000004,0,0,0.0015490895,0.011357332999999999,6.624315000000001e-4,5.99406e-4,0.3151765895,0,0.120539653,0.048206138499999995,0.13789922,0.002315958,0.314578436,0,0.007631500499999999,0,0.0050879345,0,0,0.13169383099999998,0,0.315025617,0,0,0.281052078,0.002121533,0,0,0,0,0.442312383,0.029986548000000002,0,6.22177e-4,0,0,0,0,0,1-Aug-19,0.51,6.8,68.4,45.1,"35.99504257987518, -92.1222211645147",390,1124,2.60325,0.572,25,NA,NA,NA,AR,Springfield_Plateau,8.3,0.14,0.02197253433208489,4551.136363636364,5.0889679715302485,23.1605871886121,1.62,0.89,0.09,0,48.9,13.2,29.9,0.27,1.93,0.98,92
Perry,Hydropsychidae,Invert,0.023233132,0.363372316,0.126156034,0.026271458,0.120680018,0,0.03262926,2.725001636,0.084910196,0.008926481,1.385355357,0,0.260634717,0.069389493,0.024795426,0.269570783,0.002853023,0.061820833,0,0,0.009482389,0.062293675,0.00614694,0.002507977,0.658288043,0,1.942730074,0.248043714,0.621313753,0.026584556,2.132425784,0,0.095718458,0,0.039434344,0,0,0.006319463,0,0.237519795,0,0,1.862829443,0.036440746,0,0,0,0,0.010297082,0.003188485,0,0.00652074,0,0,0,0,0,31-Jul-19,0.968,7.7,68.4,51.3,"36.18335136188263, -92.38135372536217",310,1069,1.63525,1.035,26.3,NA,NA,NA,AR,Springfield_Plateau,46.8,0.18,0.06329307445344748,1579.9516908212563,9.681945743685688,15.297006548175867,3.13,0.72,0.07,0,52.7,8.58,26.7,7.49,6.34,0.79,87.98
Perry,Heptageniidae,Invert,0.007222652,0.142550072,0.065739111,0.004757436,0.050039573,0,0.012412582,2.509158064,0.088185557,0.004930433,2.202779207,0,0.258155758,0.094845967,0.009125627,0.200980032,8.21739e-4,0.113053971,0,0,0.055359251,0.020802969,0.003632951,0.010552857,0.759416479,0,0.56561585,1.390122699,0.436732593,0.052115545,0.790339811,0,0.107388298,0,0.042211429,0,0,0.016002284,0,0.352612481,0,0,1.557238438,0.033388548,0,0,0,0,0,0.003113958,0,0.001167734,0,0,0,0,0,31-Jul-19,0.968,7.7,68.4,51.3,"36.18335136188263, -92.38135372536217",310,1069,1.63525,1.035,26.3,NA,NA,NA,AR,Springfield_Plateau,46.8,0.18,0.06329307445344748,1579.9516908212563,9.681945743685688,15.297006548175867,3.13,0.72,0.07,0,52.7,8.58,26.7,7.49,6.34,0.79,87.98
Perry,Physidae,Invert,0.0012756495,0.13662442149999998,0.0053156345,0.0012874804999999999,0.0211126315,0,0.0091060505,0.6056790005,0.00438445,0.0011266255,0.1992813525,0,0.024351495,0.046577082500000005,0.017039435999999998,0.0741851005,0.0035659155,0.0034209920000000003,0,0,0.0014794565,0.001153013,6.29306e-4,8.14468e-4,0.308865628,0,0.105899197,0.08105361,0.0547942155,0.0016745994999999999,0.055524036,0,0.003972207,0,0.0054274755,0,0,0.054126755,0,0.137915014,0,0,0.144391906,0.002240013,0,0,0,0,0.3205452015,0.017732134,0,8.73234e-4,0,0,0,0,0,31-Jul-19,0.968,7.7,68.4,51.3,"36.18335136188263, -92.38135372536217",310,1069,1.63525,1.035,26.3,NA,NA,NA,AR,Springfield_Plateau,46.8,0.18,0.06329307445344748,1579.9516908212563,9.681945743685688,15.297006548175867,3.13,0.72,0.07,0,52.7,8.58,26.7,7.49,6.34,0.79,87.98
Perry,Isonychiidae,Invert,0.003113002,0.143058538,0.059189685,0.002686564,0.085652142,0,0.008040307,2.580814486,0.061903386,0.005671634,1.11622256,0,0.235785685,0.043233126,0.006803635,0.187377144,4.53576e-4,0.101988619,0,0,0.031808447,0.203411238,0.005004839,0.008455115,0.583112215,0,1.068585486,0.830741265,0.63668454,0.048183691,1.373163479,0,0.207245309,0,0.033339749,0,0,0.015844134,0,0.231176271,0,0,1.35453974,0.026799731,0,0,0,0,0.010122103,0.005206428,0,0.001732892,0,0,0,0,0,31-Jul-19,0.968,7.7,68.4,51.3,"36.18335136188263, -92.38135372536217",310,1069,1.63525,1.035,26.3,NA,NA,NA,AR,Springfield_Plateau,46.8,0.18,0.06329307445344748,1579.9516908212563,9.681945743685688,15.297006548175867,3.13,0.72,0.07,0,52.7,8.58,26.7,7.49,6.34,0.79,87.98
Perry,Corydalidae,Invert,0.001356001,0.015048453,0.011327335,0.002554327,0.007353938,0,0.00509604,0.334944767,0.005159109,0.006597101,0.157182546,0,0.009864116,0.037936482,0.015824212,0.090013213,0.002194829,0.003683276,0,0,3.59498e-4,0.00106588,2.64893e-4,4.22568e-4,0.525011904,0,0.556099007,0.145363266,0.341157142,0.002283127,0.082104261,0,0.001078494,0,0.04890432,0,0,0.001784875,0,0.102608251,0,0,0.134117922,0.042206308,0,0,0,0,0.006206068,0.0010848,0,0.004225676,0,0,0,0,0,31-Jul-19,0.968,7.7,68.4,51.3,"36.18335136188263, -92.38135372536217",310,1069,1.63525,1.035,26.3,NA,NA,NA,AR,Springfield_Plateau,46.8,0.18,0.06329307445344748,1579.9516908212563,9.681945743685688,15.297006548175867,3.13,0.72,0.07,0,52.7,8.58,26.7,7.49,6.34,0.79,87.98
Lewis Prong-Panther,Hydropsychidae,Invert,0.0173603055,0.75521615,0.1063386775,0.017486929,0.1659525455,0,0.038957109000000004,3.0679272085,0.126728042,0.0105481355,2.786116025,0,0.5862740885,0.0633720625,0.031798242500000004,0.32733482599999997,0.009527985999999999,0.29803311450000003,0,0,0.1349318375,0.521136265,0.1201494655,0.0079099255,1.0849229985000002,0,2.839714077,0.43168962,1.1063856859999999,0.092366743,3.037195031,0,0.192342943,0,0.062895763,0,0,0.0105034905,0,0.4557371915,0,0,3.0759530715,0.04619028,0,0,0,0,0.008246159999999999,0.016816541,0,0.0100963585,0,0,0,0,0,4-Aug-19,0.4,8.4,111.1,34.7,"35.722200737836616, -93.51254320440228",370,1039,0.5254,0.415,24.6,6.72,7.86,23,AR,Boston_Mountains,86.9,0.31,0.07898743814236772,1266.0240963855422,3.9942252165543786,5.056785370548604,2.52,0.04,0.01,0,93.4,1.07,0.97,1.45,1.66,0.05,95.44
Lewis Prong-Panther,Heptageniidae,Invert,0.0062411105,0.3605421645,0.0418956915,0.0036219355,0.0807883945,0,0.009711753,3.069141713,0.0656114325,0.003046184,3.4420250245,0,0.378792083,0.0511260915,0.0079112935,0.18590343599999998,0.001633479,0.28322100299999997,0,0,0.154142117,0.034577616,0.0072700035,0.0082251085,0.9430776249999999,0,1.0319235574999999,1.810742681,0.825346625,0.12365214199999999,1.1110526355,0,0.260755939,0,0.048689474499999996,0,0,0.026437989500000002,0,0.673100485,0,0,2.4005007765,0.0412552,0,0,0,0,0.0044240545,5.923775e-4,0,0.006012021500000001,0,0,0,0,0,4-Aug-19,0.4,8.4,111.1,34.7,"35.722200737836616, -93.51254320440228",370,1039,0.5254,0.415,24.6,6.72,7.86,23,AR,Boston_Mountains,86.9,0.31,0.07898743814236772,1266.0240963855422,3.9942252165543786,5.056785370548604,2.52,0.04,0.01,0,93.4,1.07,0.97,1.45,1.66,0.05,95.44
Lewis Prong-Panther,Psephenidae,Invert,0.011768367,0.539831288,0.048796563,0.007586328,0.057027087,0,0.011446269,3.064242924,0.15498421,0.00380233,6.340371449,0,0.367953946,0.022758985,0.013949731,0.127684426,0.009123496,0.442518361,0,0,0.521935199,0.094819939,0.056196964,0.028059202,0.628987012,0,3.31110629,0.695650858,1.018801734,0.244514406,1.123536011,0,0.439923245,0,0.062319448,0,0,0.008515961,0,0.730581487,0,0,1.631741449,0.014515367,0,0,0,0,0.029926324,0.018524573,0,0.00770155,0,0,0,0,0,4-Aug-19,0.4,8.4,111.1,34.7,"35.722200737836616, -93.51254320440228",370,1039,0.5254,0.415,24.6,6.72,7.86,23,AR,Boston_Mountains,86.9,0.31,0.07898743814236772,1266.0240963855422,3.9942252165543786,5.056785370548604,2.52,0.04,0.01,0,93.4,1.07,0.97,1.45,1.66,0.05,95.44
Lewis Prong-Panther,Corydalidae,Invert,0,0.1,0,0,0,0,0,0.7,0,0,0.2,0,0,0,0,0.1,0,0.1,0,0,0,0,0,0,0.6,0,1.3,0.1,7,0,0.3,0,0,0,0.1,0,0,0,0,0.3,0,0,0.5,0,0,0,0,0,0,0,0,0,0,0,0,0,0,4-Aug-19,0.4,8.4,111.1,34.7,"35.722200737836616, -93.51254320440228",370,1039,0.5254,0.415,24.6,6.72,7.86,23,AR,Boston_Mountains,86.9,0.31,0.07898743814236772,1266.0240963855422,3.9942252165543786,5.056785370548604,2.52,0.04,0.01,0,93.4,1.07,0.97,1.45,1.66,0.05,95.44
Lewis Prong-Panther,Perlidae,Invert,0.003608815,0.0913327395,0.033960631500000005,0.0041770875,0.0370827235,0,0.014144879499999999,1.3999178775,0.036288428,0.008519344,0.7793373455,0,0.10062152,0.0363558715,0.0115267145,0.1537447835,7.354449999999999e-4,0.066679392,0,0,0.0181164805,0.007980016,0.002151947,0.001051389,0.89513519,0,1.8841269884999998,0.5553112149999999,1.0562103,0.044585700000000006,1.04968716,0,0.0709387675,0,0.0591267325,0,0,0.01008583,0,0.6076101025,0,0,1.6863341760000001,0.031143283,0,0,0,0,0.008528774,0.0029104555,0,0.002617468,0,0,0,0,0,4-Aug-19,0.4,8.4,111.1,34.7,"35.722200737836616, -93.51254320440228",370,1039,0.5254,0.415,24.6,6.72,7.86,23,AR,Boston_Mountains,86.9,0.31,0.07898743814236772,1266.0240963855422,3.9942252165543786,5.056785370548604,2.52,0.04,0.01,0,93.4,1.07,0.97,1.45,1.66,0.05,95.44
Lewis Prong-Panther,Tipulidae,Invert,0.001411836,0.073182653,0.01873561,0.001918745,0.016191052,0,0.00550716,0.670947374,0.014864327,0.004464555,0.460751575,0,0.051637139,0.012254684,0.005100382,0.067760603,8.64875e-4,0.044236267,0,0,0.009054272,0.016940777,0.003305548,4.71864e-4,0.406039187,0,0.726055276,0.193511606,0.47526044,0.018079758,0.46631631,0,0.021615605,0,0.044445288,0,0,0.00228422,0,0.188008201,0,0,0.728092926,0.021345253,0,0,0,0,0.002580856,9.26e-5,0,0.002978873,0,0,0,0,0,4-Aug-19,0.4,8.4,111.1,34.7,"35.722200737836616, -93.51254320440228",370,1039,0.5254,0.415,24.6,6.72,7.86,23,AR,Boston_Mountains,86.9,0.31,0.07898743814236772,1266.0240963855422,3.9942252165543786,5.056785370548604,2.52,0.04,0.01,0,93.4,1.07,0.97,1.45,1.66,0.05,95.44
Cap Fork-North Sylamore,Hydropsychidae,Invert,0.0234505635,0.6751336125,0.1007827085,0.0181259675,0.1492166465,0,0.0363829535,4.2054466035,0.067281922,0.0098226915,3.3657870555000002,0,0.2889147295,0.0890763495,0.028822355,0.187821398,0.002144842,0.33441187699999997,0,0,0.044136982500000005,0.0160205965,0.0131282805,0.0091866655,0.7699223305,0,2.354576877,0.4541204245,0.7793773770000001,0.039750639500000004,0.9492385895000001,0,0.0843863195,0,0.0462674675,0,0,0.016275352,0,0.28072419049999997,0,0,3.1655189345,0.037398318,0,0,0,0,0.0142562915,0.015072171,0,0.0099959375,0,0,0,0,0,1-Aug-19,0.57,9.7,25.6,60,"36.01831941409226, -92.2515323560381",390,950,1.1388,0.541,23.79,8.78,9.18,248,AR,Springfield_Plateau,13.7,0.1,0.04750614682121532,2104.9907578558223,5.6947368421052635,11.987368421052631,3.23,0.5,0.07,0.01,80.5,7.24,5.69,1.67,4.7,0.5800000000000001,93.42999999999999
Cap Fork-North Sylamore,Heptageniidae,Invert,0.009223905000000001,0.4571017,0.06473801700000001,0.0039053335,0.077425723,0,0.010982269999999999,2.9586074350000002,0.0564164485,0.0033678595,3.6937392549999997,0,0.3859201525,0.0715576315,0.0092225355,0.149077222,0.0011568275,0.5298481905,0,0,0.270502451,0.0138756025,0.0029612295,0.027135339,0.9758968115,0,0.8537665905,2.3636650235000003,0.6665893895,0.0997021485,0.453407303,0,0.11003252499999999,0,0.055457154,0,0,0.046325977000000004,0,0.5118621525,0,0,2.701651601,0.044234025999999996,0,0,0,0,0.005096207,0.0059426315,0,0.0048091520000000006,0,0,0,0,0,1-Aug-19,0.57,9.7,25.6,60,"36.01831941409226, -92.2515323560381",390,950,1.1388,0.541,23.79,8.78,9.18,248,AR,Springfield_Plateau,13.7,0.1,0.04750614682121532,2104.9907578558223,5.6947368421052635,11.987368421052631,3.23,0.5,0.07,0.01,80.5,7.24,5.69,1.67,4.7,0.5800000000000001,93.42999999999999
Cap Fork-North Sylamore,Physidae,Invert,0.004900682,0.329186875,0.013066285,0.0017811124999999998,0.0769275775,0,0.017854693499999998,1.0521043815,0.0320798775,7.924970000000001e-4,1.079177696,0,0.121789487,0.1185508575,0.0223643175,0.10744912000000001,0.0033096875,0.09233995349999999,0,0,0.08300451,0.036828601,0.006457469,0.011604876,0.46504867650000004,0,0.1484527445,0.3249256235,0.1279386405,0.019105887000000002,0.21149887750000002,0,0.0401209985,0,0.007711506999999999,0,0,0.09559095100000001,0,0.2123352235,0,0,0.5635142280000001,0.0020526125000000003,0,0,0,0,0.3697713385,0.0798864645,0,0.0027816165000000004,0,0,0,0,0,1-Aug-19,0.57,9.7,25.6,60,"36.01831941409226, -92.2515323560381",390,950,1.1388,0.541,23.79,8.78,9.18,248,AR,Springfield_Plateau,13.7,0.1,0.04750614682121532,2104.9907578558223,5.6947368421052635,11.987368421052631,3.23,0.5,0.07,0.01,80.5,7.24,5.69,1.67,4.7,0.5800000000000001,93.42999999999999
Cap Fork-North Sylamore,Corydalidae,Invert,0.00316868,0.092287302,0.016515219,0.00304263,0.014420645,0,0.004187807,0.933009305,0.01517024,0.002763711,0.975795201,0,0.034949347,0.013707256,0.003852568,0.072040201,7.1473e-4,0.127381472,0,0,0.038771072,0.004832807,0.004662505,0.004840853,0.602950319,0,3.22e-5,0.474387465,0.707083629,0.032803816,0.292168922,0,0.03536102,0,0.066740741,0,0,0.006366861,0,0.306118891,0,0,1.100164884,0.054135751,0,0,0,0,0.008818129,0.003308139,0,0.003727859,0,0,0,0,0,1-Aug-19,0.57,9.7,25.6,60,"36.01831941409226, -92.2515323560381",390,950,1.1388,0.541,23.79,8.78,9.18,248,AR,Springfield_Plateau,13.7,0.1,0.04750614682121532,2104.9907578558223,5.6947368421052635,11.987368421052631,3.23,0.5,0.07,0.01,80.5,7.24,5.69,1.67,4.7,0.5800000000000001,93.42999999999999
Cap Fork-North Sylamore,Perlidae,Invert,0.005545852,0.165540765,0.041623136,0.003461505,0.043138542,0,0.015063662,2.303937374,0.034317287,0.00844905,1.820544304,0,0.086053761,0.065912161,0.01283575,0.187697588,0.001148518,0.21937222,0,0,0.06671506,0.004360114,0.003068031,0.003807124,1.213164481,0,2.291888572,1.267118233,1.151713461,0.054389763,0.849589469,0,0.07203759,0,0.104366239,0,0,0.028149321,0,0.611798426,0,0,2.583654635,0.053597498,0,0,0,0,0.030712217,0.007561076,0,0.004897152,0,0,0,0,0,1-Aug-19,0.57,9.7,25.6,60,"36.01831941409226, -92.2515323560381",390,950,1.1388,0.541,23.79,8.78,9.18,248,AR,Springfield_Plateau,13.7,0.1,0.04750614682121532,2104.9907578558223,5.6947368421052635,11.987368421052631,3.23,0.5,0.07,0.01,80.5,7.24,5.69,1.67,4.7,0.5800000000000001,93.42999999999999
Cap Fork-North Sylamore,Tipulidae,Invert,0.00520573,0.144216283,0.033628798,0.004731235,0.038782416,0,0.013030782,1.597281523,0.030428015,-2.71532e-4,1.251964423,0,0.06899924,0.036796669,0.012578229,0.128173966,4.03184e-4,0.08063945,0,0,0.015085098,0.005570515,0.004681866,0.004558442,0.616418259,0,1.388385824,0.226608347,0.636149568,0.021706085,0.464700568,0,0.042101138,0,0.023255736,0,0,0.003653337,0,0.255492196,0,0,1.285003531,0.007040627,0,0,0,0,0.004591355,0.003104788,0,0.001127268,0,0,0,0,0,1-Aug-19,0.57,9.7,25.6,60,"36.01831941409226, -92.2515323560381",390,950,1.1388,0.541,23.79,8.78,9.18,248,AR,Springfield_Plateau,13.7,0.1,0.04750614682121532,2104.9907578558223,5.6947368421052635,11.987368421052631,3.23,0.5,0.07,0.01,80.5,7.24,5.69,1.67,4.7,0.5800000000000001,93.42999999999999
Cap Fork-North Sylamore,Philopotamidae,Invert,0.0040897285000000005,0.136528513,0.031820075,0.0027460205,0.061904555,0,0.0147755545,2.8763106025000003,0.0468331425,0.003874702,1.6115146820000001,0,0.19996103199999998,0.0409785075,0.013283742500000001,0.231365962,0.002485211,0.0960236835,0,0,0.014840116,0.008061642,0.011446894999999999,0.0031790065,0.7513253520000001,0,1.5011530395000001,0.2466056465,0.7199333834999999,0.0293799295,0.881651874,0,0.062521929,0,0.058862124,0,0,0.0032494704999999997,0,0.6221438875,0,0,2.4871312215,0.033590978,0,0,0,0,0.02194173,0.004363433,0,0.00277238,0,0,0,0,0,1-Aug-19,0.57,9.7,25.6,60,"36.01831941409226, -92.2515323560381",390,950,1.1388,0.541,23.79,8.78,9.18,248,AR,Springfield_Plateau,13.7,0.1,0.04750614682121532,2104.9907578558223,5.6947368421052635,11.987368421052631,3.23,0.5,0.07,0.01,80.5,7.24,5.69,1.67,4.7,0.5800000000000001,93.42999999999999
Little Piney,Hydropsychidae,Invert,0.004609641,1.022401168,0.027991706,0.004678022,0.057361074,0,0.011524104,2.638070425,0.088104084,0.002499906,1.782776803,0,0.089067443,0.013975741,0.009995601,0.139817745,0.01190824,0.165957147,0,0,0.092759983,0.99720099,0.238844587,0.007091447,0.79732718,0,1.93421921,0.198160278,1.076492052,0.129840244,3.630358085,0,0.218227906,0,0.038154235,0,0,0.005830432,0,0.250354613,0,0,1.258802163,0.027838855,0,0,0,0,0.006413676,0.010164541,0,0.006813903,0,0,0,0,0,3-Aug-19,0.443,10.6,25.6,28.4,"35.649248542128724, -93.3465293909319",390,939,0.84825,0.416,22.61,6.07,6.02,24,AR,Boston_Mountains,9.28,0.09,0.049042145593869726,2039.0625,4.43024494142705,9.033546325878595,3.34,0.14,0.02,0,65.8,18.7,7.51,2.73,2.79,0.16,92.01
Little Piney,Heptageniidae,Invert,0.005474548,0.530856609,0.037072609,0.004326362,0.115213511,0,0.0107562,6.866892434,0.115222697,0.012538184,5.467300416,0,0.291326773,0.037173649,0.010544934,0.245720851,0.003738492,0.30800761,0,0,0.149199797,0.690059397,0.048591204,0.007063636,1.872965875,0,2.591197148,2.656827422,2.3592453350000002,0.391916996,6.874681723,0,0.826041285,0,0.090605603,0,0,0.036833786,0,0.898174881,0,0,2.964816661,0.084295176,0,0,0,0,0.003609895,0.003490483,0,0.007972999,0,0,0,0,0,3-Aug-19,0.443,10.6,25.6,28.4,"35.649248542128724, -93.3465293909319",390,939,0.84825,0.416,22.61,6.07,6.02,24,AR,Boston_Mountains,9.28,0.09,0.049042145593869726,2039.0625,4.43024494142705,9.033546325878595,3.34,0.14,0.02,0,65.8,18.7,7.51,2.73,2.79,0.16,92.01
Little Piney,Tipulidae,Invert,0.003407511,0.7533669105,0.0197624185,0.002349114,0.034290176,0,0.009447698000000001,1.869363636,0.059390952,0.0017287219999999998,1.1527773555,0,0.054985603,0.0102245845,0.007290861,0.0821265595,0.008527007999999999,0.093500509,0,0,0.0567249305,0.679766478,0.259028722,0.0048448564999999996,0.68968468,0,1.7949178835000001,0.1561210115,0.856526886,0.106904348,2.862752391,0,0.183098381,0,0.0335919495,0,0,0.005549439,0,0.172192105,0,0,0.915873995,0.0198367605,0,0,0,0,0.0044191775000000004,0.008670830000000001,0,0.0050340540000000005,0,0,0,0,0,3-Aug-19,0.443,10.6,25.6,28.4,"35.649248542128724, -93.3465293909319",390,939,0.84825,0.416,22.61,6.07,6.02,24,AR,Boston_Mountains,9.28,0.09,0.049042145593869726,2039.0625,4.43024494142705,9.033546325878595,3.34,0.14,0.02,0,65.8,18.7,7.51,2.73,2.79,0.16,92.01
Cove,Hydropsychidae,Invert,7.91743e-4,0.038334539,0.005193179,0.00114018,0.006187543,0,0.001510871,0.361879901,0.005632386,0.001793134,0.290049708,0,0.011643075,0.004796722,0.001896201,0.036194139,8.15753e-4,0.026293836,0,0,0.005258767,0.00297665,0.002136301,5.99078e-4,0.408517788,0,0.624051116,0.112319187,0.501269442,0.009566506,0.175435521,0,0.01147969,0,0.037378826,0,0,0.001936023,0,0.19500891,0,0,0.425705407,0.028891597,0,0,0,0,6.03e-5,5.0948e-4,0,0.002321939,0,0,0,0,0,5-Aug-19,0.197,7.4,367.5,34.7,"35.70117803375184, -93.8362206950113",290,1312,0.657333333,0.258,26.4,7.94,8.34,84,AR,Boston_Mountains,8.7,0.06,0.039249492920511914,2547.80361627907,1.9664634146341462,5.0101625990853655,1.87,0.04,0.01,0,92.7,3.95,0.76,0.55,2.37,0.05,97.41000000000001
Cove,Heptageniidae,Invert,0.018253275,0.76461813,0.077366947,0.012423939,0.15163441300000002,0,0.028612377,3.5968882239999997,0.1003256295,0.003067317,4.4430887785,0,0.2258111155,0.051132588,0.022932209500000002,0.2056938345,0.0039874609999999994,0.374564651,0,0,0.0599134525,0.1291887725,0.029621170000000002,0.007706227499999999,1.0208376234999998,0,2.7273557630000003,0.3814592595,0.963910762,0.070653581,1.7986314595000001,0,0.16189427550000002,0,0.046440762999999996,0,0,0.005320561,0,0.3281399345,0,0,2.5361537545,0.039852104,0,0,0,0,0.0074666935000000005,0.009641410999999999,0,0.0070533390000000005,0,0,0,0,0,5-Aug-19,0.197,7.4,367.5,34.7,"35.70117803375184, -93.8362206950113",290,1312,0.657333333,0.258,26.4,7.94,8.34,84,AR,Boston_Mountains,8.7,0.06,0.039249492920511914,2547.80361627907,1.9664634146341462,5.0101625990853655,1.87,0.04,0.01,0,92.7,3.95,0.76,0.55,2.37,0.05,97.41000000000001
Lick Branch-Little Mulberry,Hydropsychidae,Invert,0.0251669685,0.355840755,0.1497072395,0.032785792,0.1627705895,0,0.0478056745,2.633748497,0.12936894100000002,0.016144395,2.082292202,0,0.30651212299999997,0.0761524435,0.032431251,0.2145219325,0.0046566465,0.168250825,0,0,0.0273573435,0.037093326499999996,0.014289231999999999,0.001944754,0.761735035,0,2.5366665455,0.3203347915,1.0654079995,0.045158529,1.7287211695,0,0.09691405149999999,0,0.042554398,0,0,0.007392724,0,0.4403014145,0,0,2.4173582435,0.0392528045,0,0,0,0,0.0058705065,0.011949492999999999,0,0.00707384,0,0,0,0,0,5-Aug-19,0.337,8.3,153.8,67.9,"35.70973036828683, -93.66113910920193",300,1056,0.62,0.356,21.9,7.82,7.83,39,AR,Boston_Mountains,4.6,0.08,0.05741935483870968,1741.5730337078653,3.371212121212121,5.871212121212121,3.8,0.09,0.01,0,86.8,1.67,0.26,2.88,2.79,0.09999999999999999,88.73
Lick Branch-Little Mulberry,Psephenidae,Invert,0.01630998,0.724209234,0.057442491,0.0091839815,0.07861020399999999,0,0.016248034,5.3311311625,0.3011501845,0.044425255500000004,12.864566045,0,0.39054894399999995,0.022946966,0.018783928,0.2005478075,0.01021469,0.8775315745,0,0,0.829365621,0.06812905799999999,0.0830981405,0.04102061,1.0441533535,0,4.848202905,1.3377916185,1.5547834045000002,0.455604111,1.065876686,0,0.697831854,0,0.07561262299999999,0,0,0.0073164645000000006,0,0.930876756,0,0,2.600545741,0.018241082,0,0,0,0,0.041349525,0.017794234,0,0.0087269665,0,0,0,0,0,5-Aug-19,0.337,8.3,153.8,67.9,"35.70973036828683, -93.66113910920193",300,1056,0.62,0.356,21.9,7.82,7.83,39,AR,Boston_Mountains,4.6,0.08,0.05741935483870968,1741.5730337078653,3.371212121212121,5.871212121212121,3.8,0.09,0.01,0,86.8,1.67,0.26,2.88,2.79,0.09999999999999999,88.73
Lick Branch-Little Mulberry,Corydalidae,Invert,9.438325000000001e-4,0.027526198999999998,0.011077885499999999,0.002069609,0.008178503,0,0.0037653365,0.2889712365,0.011111650499999999,0.0018838755,0.267915305,5e-4,0.0126202695,0.008706761,0.0030437655,0.052854973,7.60856e-4,0.06988008600000001,0,0,0.001300483,0.0011064795,7.288080000000001e-4,5.7891e-5,0.4356096265,0,0.701031979,0.157696478,1.087609785,0.0040720235,0.1122323945,0,0.0048494195,0,0.0482795085,0,0,0.0014824265,0,0.16007398550000002,0,0,0.20663091649999998,0.030068951000000003,0,0,0,0,0.0036619625,6.01999e-4,0,0.005069609,0,0,0,0,0,5-Aug-19,0.337,8.3,153.8,67.9,"35.70973036828683, -93.66113910920193",300,1056,0.62,0.356,21.9,7.82,7.83,39,AR,Boston_Mountains,4.6,0.08,0.05741935483870968,1741.5730337078653,3.371212121212121,5.871212121212121,3.8,0.09,0.01,0,86.8,1.67,0.26,2.88,2.79,0.09999999999999999,88.73
Lick Branch-Little Mulberry,Perlidae,Invert,0.004295597,0.1077845035,0.03561541,0.0036817245,0.034864145,0,0.012454051,1.5748290315000002,0.049763458999999996,0.008018533999999999,1.2654411415000002,0,0.09013751049999999,0.034513423,0.0106635525,0.1479178155,6.21234e-4,0.1454631475,0,0,0.043521301,0.0070006325,0.0023605795,0.0020304055,0.8574876345,0,1.81973052,0.660225847,1.1256886185,0.05470508,0.9133838725,0,0.0930127365,0,0.073948264,0,0,0.008772354999999999,0,0.683423831,0,0,1.8147014490000002,0.036995257,0,0,0,0,0.010701475,0.002924644,0,0.0028775145,0,0,0,0,0,5-Aug-19,0.337,8.3,153.8,67.9,"35.70973036828683, -93.66113910920193",300,1056,0.62,0.356,21.9,7.82,7.83,39,AR,Boston_Mountains,4.6,0.08,0.05741935483870968,1741.5730337078653,3.371212121212121,5.871212121212121,3.8,0.09,0.01,0,86.8,1.67,0.26,2.88,2.79,0.09999999999999999,88.73
Lick Branch-Little Mulberry,Tipulidae,Invert,0.003369333,0.118975201,0.043695,0.005323472,0.03539449,0,0.012909053,1.389583857,0.035970099,0.005946744,0.990825737,0,0.060468336,0.021983153,0.01105757,0.10200755,0.001198881,0.092544822,0,0,0.012256451,0.01270374,8.7258e-4,6.56268e-4,0.640217174,0,1.20365463,0.310037253,0.733227617,0.02840285,0.694064167,0,0.040948939,0,0.057590289,0,0,0.002005468,0,0.273333893,0,0,1.192611725,0.03142755,0,0,0,0,0.002951374,0.00157651,0,0.00295504,0,0,0,0,0,5-Aug-19,0.337,8.3,153.8,67.9,"35.70973036828683, -93.66113910920193",300,1056,0.62,0.356,21.9,7.82,7.83,39,AR,Boston_Mountains,4.6,0.08,0.05741935483870968,1741.5730337078653,3.371212121212121,5.871212121212121,3.8,0.09,0.01,0,86.8,1.67,0.26,2.88,2.79,0.09999999999999999,88.73
Lick Branch-Little Mulberry,Aeshnidae,Invert,0.0033515405,0.13284022950000002,0.0303386195,0.0026368725,0.035653867,0,0.005900948499999999,1.661687726,0.0483244795,0.0020996735,1.6217757145,0,0.11435651,0.018863639,0.005784107,0.131159781,8.02442e-4,0.206461129,0,0,0.049749059,0.006936237499999999,0.0023397375000000003,0.0018014469999999999,0.9386853505,0,1.1116332515,1.275168339,0.7390362795000001,0.058130231500000004,0.6812086335,0,0.084953256,0,0.059279016000000004,0,0,0.0109670155,0,0.46924955949999997,0,0,1.4163738855,0.054457614,0,0,0,0,5.609265e-4,0.001397913,0,0.006693089,0,0,0,0,0,5-Aug-19,0.337,8.3,153.8,67.9,"35.70973036828683, -93.66113910920193",300,1056,0.62,0.356,21.9,7.82,7.83,39,AR,Boston_Mountains,4.6,0.08,0.05741935483870968,1741.5730337078653,3.371212121212121,5.871212121212121,3.8,0.09,0.01,0,86.8,1.67,0.26,2.88,2.79,0.09999999999999999,88.73
Mulberry,Hydropsychidae,Invert,0.0171731765,0.6621859965000001,0.11980194699999999,0.0168419005,0.142785771,0,0.0392267755,3.510267372,0.1300126665,0.0184551,2.4911905770000002,0,0.265889646,0.060854717,0.030335365500000003,0.32164026349999997,0.005411542,0.1938417195,0,0,0.06712437,0.3995486525,0.07619854649999999,0.0073150085,1.3195645274999999,0,3.008348093,0.519234279,1.594926578,0.071329543,3.342797439,0,0.15933447750000002,0,0.068773943,0,0,0.010176043499999999,0,0.5098278655,0,0,2.2478472094999997,0.0534300805,0,0,0,0,0.007398096,0.012141967,0,0.0134358245,0,0,0,0,0,4-Aug-19,0.557,8.4,5,54.8,"35.688254121491525, -93.44995997934139",360,1519,1.1952,0.846,21.6,6.77,8.35,18,AR,Boston_Mountains,10.46,0.7,0.07078313253012047,1412.7659574468087,5.569453587886767,7.868334430546412,4.81,0.39,0.06,0.01,81.7,6.09,3.95,1.7,2.56,0.46,91.74000000000001
Mulberry,Psephenidae,Invert,0.005662814,0.170727528,0.024795556,0.003691119,0.01929871,0,0.006300129,1.656177184,0.093081256,0.006220465,2.068659725,0,0.061666913,0.010037719,0.007395515,0.08246597,0.003213132,0.106438327,0,0,0.088746183,0.047918159,0.02288361,0.009101662,0.523780399,0,2.005512381,0.374588824,0.957367377,0.071352781,0.772393192,0,0.10361024,0,0.060133373,0,0,0.006764838,0,0.353889347,0,0,0.464403838,0.023740002,0,0,0,0,0.008597121,0.004109357,0,0.008822836,0,0,0,0,0,4-Aug-19,0.557,8.4,5,54.8,"35.688254121491525, -93.44995997934139",360,1519,1.1952,0.846,21.6,6.77,8.35,18,AR,Boston_Mountains,10.46,0.7,0.07078313253012047,1412.7659574468087,5.569453587886767,7.868334430546412,4.81,0.39,0.06,0.01,81.7,6.09,3.95,1.7,2.56,0.46,91.74000000000001
Mulberry,Corydalidae,Invert,0.001413212,0.041157864,0.0123508305,0.0017714760000000001,0.009991719999999999,0,0.0039365045,0.5452868225,0.017733148,0.0046579465,0.3537242665,0,0.019191132,0.0118454035,0.0041069095,0.06588150749999999,8.240084999999999e-4,0.022087898,0,0,0.005633499,0.009012581,0.002456988,4.925165e-4,0.5518379915,0,0.8342938415000001,0.205973637,0.7358912989999999,0.017175713500000002,0.45920197800000007,0,0.025722736,0,0.0464639365,0,0,0.0036462825,0,0.2653109005,0,0,0.484809947,0.029458449,0,0,0,0,9.904300000000001e-5,9.756739999999999e-4,0,0.001758549,0,0,0,0,0,4-Aug-19,0.557,8.4,5,54.8,"35.688254121491525, -93.44995997934139",360,1519,1.1952,0.846,21.6,6.77,8.35,18,AR,Boston_Mountains,10.46,0.7,0.07078313253012047,1412.7659574468087,5.569453587886767,7.868334430546412,4.81,0.39,0.06,0.01,81.7,6.09,3.95,1.7,2.56,0.46,91.74000000000001
Mulberry,Perlidae,Invert,0.005703644,0.12060121900000001,0.0555568095,0.0063559294999999995,0.0560882925,0,0.0201056155,1.867234529,0.062697946,0.012911338500000001,1.061716517,0,0.0982504895,0.041574256000000004,0.0156932415,0.2080462885,9.14164e-4,0.0782495415,0,0,0.019680422,0.0337515845,0.007350614,0.0018406105,1.154909737,0,2.4716096245,0.566573335,1.5363590545,0.0587051805,1.760788836,0,0.09778905299999999,0,0.073318461,0,0,0.011870831,0,0.6820897695,0,0,1.857585636,0.0410789135,0,0,0,0,0.0064692199999999995,0.00406123,0,0.0024440770000000002,0,0,0,0,0,4-Aug-19,0.557,8.4,5,54.8,"35.688254121491525, -93.44995997934139",360,1519,1.1952,0.846,21.6,6.77,8.35,18,AR,Boston_Mountains,10.46,0.7,0.07078313253012047,1412.7659574468087,5.569453587886767,7.868334430546412,4.81,0.39,0.06,0.01,81.7,6.09,3.95,1.7,2.56,0.46,91.74000000000001
Mulberry,Tipulidae,Invert,7.00516e-4,0.0142693695,0.013087265,0.00127479,0.006976822000000001,0,0.0039942795000000005,0.334141892,0.0076242395,0.005431080499999999,0.0842092295,0,0.0106132985,0.0106001065,0.004328473,0.0498806425,3.1285950000000003e-4,0.002955581,0,0,0.0010699155,0.003351742,8.209345e-4,2.35805e-4,0.307397334,0,0.396911813,0.09422142450000001,0.35409861499999995,0.0040731685,0.15850796749999999,0,0.004006119,0,0.0437700895,0,0,7.967664999999999e-4,0,0.16079368900000002,0,0,0.252520768,0.0208348395,0,0,0,0,7.230775e-4,1.69955e-4,0,0.002547653,0,0,0,0,0,4-Aug-19,0.557,8.4,5,54.8,"35.688254121491525, -93.44995997934139",360,1519,1.1952,0.846,21.6,6.77,8.35,18,AR,Boston_Mountains,10.46,0.7,0.07078313253012047,1412.7659574468087,5.569453587886767,7.868334430546412,4.81,0.39,0.06,0.01,81.7,6.09,3.95,1.7,2.56,0.46,91.74000000000001
North Sylamore,Hydropsychidae,Invert,0.0224280325,0.648321923,0.08631873649999999,0.0109345885,0.103048004,0,0.022748993000000002,2.926227387,0.08549981200000001,0.005141991,1.6757378495,0,0.2410532785,0.0481528995,0.0203922055,0.1874573715,0.0034991515,0.107159759,0,0,0.0143210455,0.256892149,0.017781363,0.0055697175,0.8917210355,0,2.1836505415,0.3206153325,0.8342265689999999,0.060978858999999996,3.166571609,0,0.148832039,0,0.048789413000000004,0,0,0.0076120085,0,0.207551168,0,0,1.9172702855,0.0400173625,0,0,0,0,0.011563433,0.009861720000000001,0,0.007274189,0,0,0,0,0,1-Aug-19,0.221,8.4,68.4,22.5,"36.019699141520185, -92.25059490820905",390,1412,1.5132,0.312,23.6,8.6,10.34,248,AR,Springfield_Plateau,350,NA,0.020618556701030927,4850,2.2096317280453257,10.716713881019832,2.69,0.23,0,0,79.8,6.45,9.58,0.61,4.68,0.23,95.83
North Sylamore,Heptageniidae,Invert,0.01629897,0.311042854,0.0715401795,0.0094601365,0.07499611149999999,0,0.0129971275,2.677815064,0.0831540395,0.009432853000000001,3.8436725034999997,0,0.38473669099999996,0.06775081399999999,0.009066643,0.12788715950000001,0.0012755505,0.2790019555,0,0,0.08087845199999999,0.08070782700000001,0.0032646555,0.0202384675,0.88242957,0,0.931009196,2.291649817,0.7151608865,0.0943085545,1.0831720040000001,0,0.14983694,0,0.048789822999999996,0,0,0.019829061000000002,0,0.49267010999999994,0,0,2.5516869135,0.0349295425,0,0,0,0,0.0081040805,0.0037880475,0,0.0028428815,0,0,0,0,0,1-Aug-19,0.221,8.4,68.4,22.5,"36.019699141520185, -92.25059490820905",390,1412,1.5132,0.312,23.6,8.6,10.34,248,AR,Springfield_Plateau,350,NA,0.020618556701030927,4850,2.2096317280453257,10.716713881019832,2.69,0.23,0,0,79.8,6.45,9.58,0.61,4.68,0.23,95.83
North Sylamore,Physidae,Invert,0.001125234,0.15644137800000002,0.0038909975,0.0010549005,0.0188522325,0,0.0071224059999999995,0.462461184,0.004608732,3.355055e-4,0.1736220265,0,0.027841472,0.039082940999999996,0.015557443,0.039250442499999996,0.0039030535,0.0033757645,0,0,5.1502e-4,4.560635e-4,3.846035e-4,5.84539e-4,0.30507584649999997,0,0.09657864199999999,0.097497481,0.039446655,5.54065e-4,0.0362978015,0,0.001207643,0,0.0047583339999999995,0,0,0.0384851425,0,0.0696815555,0,0,0.0530876885,0.001837983,0,0,0,0,0.088129435,0.00419248,0,5.534005e-4,0,0,0,0,0,1-Aug-19,0.221,8.4,68.4,22.5,"36.019699141520185, -92.25059490820905",390,1412,1.5132,0.312,23.6,8.6,10.34,248,AR,Springfield_Plateau,350,NA,0.020618556701030927,4850,2.2096317280453257,10.716713881019832,2.69,0.23,0,0,79.8,6.45,9.58,0.61,4.68,0.23,95.83
North Sylamore,Isonychiidae,Invert,0.0028700979999999997,0.18295071499999999,0.033836284499999994,0.0016886915000000001,0.062835316,0,0.004401113,2.7066999999999997,0.023611577,0.0028453239999999998,1.196976299,0,0.1661624,0.0240435445,0.0039278725,0.10516840350000001,5.588025e-4,0.0591576315,0,0,0.008313569,0.0428922015,7.6726e-4,0.0060554944999999995,0.6314400375,0,0.747814525,0.7666085715,0.216666084,0.014470140999999999,0.35591234,0,0.0260669405,0,0.0368381285,0,0,0.0055322085,0,0.0436544945,0,0,0.268010744,0.026855854499999998,0,0,0,0,1.3674500000000002e-4,8.293845e-4,0,0.002415787,0,0,0,0,0,1-Aug-19,0.221,8.4,68.4,22.5,"36.019699141520185, -92.25059490820905",390,1412,1.5132,0.312,23.6,8.6,10.34,248,AR,Springfield_Plateau,350,NA,0.020618556701030927,4850,2.2096317280453257,10.716713881019832,2.69,0.23,0,0,79.8,6.45,9.58,0.61,4.68,0.23,95.83
North Sylamore,Corydalidae,Invert,0.003496899,0.196756187,0.020247032,0.002205657,0.033312496,0,0.006616971,1.367863643,0.038071056,0.003952177,1.660332487,0,0.156476902,0.025908433,0.00800467,0.105102454,3.17666e-4,0.161430949,0,0,0.025828695,0.029918484,0.00696679,0.003925169,0.896391901,0,1.149645062,0.568776587,0.691015003,0.044200596,0.960157898,0,0.073190518,0,0.087329874,0,0,0.00717771,0,0.248495887,0,0,1.671260457,0.063715839,0,0,0,0,0.021201316,0.00633403,0,0.004002335,0,0,0,0,0,1-Aug-19,0.221,8.4,68.4,22.5,"36.019699141520185, -92.25059490820905",390,1412,1.5132,0.312,23.6,8.6,10.34,248,AR,Springfield_Plateau,350,NA,0.020618556701030927,4850,2.2096317280453257,10.716713881019832,2.69,0.23,0,0,79.8,6.45,9.58,0.61,4.68,0.23,95.83
North Sylamore,Oligochaete,Invert,0.022150839,0.096527762,0.038190729,0.008079432,0.016717683,0,0.030781879,0.121371746,0.003035646,0.002812118,0.044373784,0,0.009139384,0.042736987,0.027659707,0.079089024,0.005299761,0.005072629,0,0,1.33395e-4,2.23527e-4,1.00948e-4,1.94685e-4,0.305698887,0,0.044784786,0.274141873,0.002195615,0,7.06635e-4,0,1.26185e-4,0,0.011691922,0,0,0.003251962,0,3.64133e-4,0,0,0.001467349,0.021523521,0,0,0,0,2.09106e-4,7.21e-5,0,0.012510321,0,0,0,0,0,1-Aug-19,0.221,8.4,68.4,22.5,"36.019699141520185, -92.25059490820905",390,1412,1.5132,0.312,23.6,8.6,10.34,248,AR,Springfield_Plateau,350,NA,0.020618556701030927,4850,2.2096317280453257,10.716713881019832,2.69,0.23,0,0,79.8,6.45,9.58,0.61,4.68,0.23,95.83
North Sylamore,Chloroperlidae,Invert,0.142078522,0.62141064,0.785497857,0.140161039,0.489651101,0,0.191571132,5.411913357,0.182237844,0.030294683,3.996433945,0,1.748027862,0.172042073,0.070754334,0.45171729,0.0031573,0.229327825,0,0,0.110467013,0.055121846,0.023826068,0.058540971,0.864730697,0,7.65506754,1.653570672,3.761908125,0.166582254,1.443533182,0,0.202968217,0,0.048930457,0,0,0.024958075,0,0.884182749,0,0,2.295626977,0.010550004,0,0,0,0,0.01986019,0.061498053,0,0.001647957,0,0,0,0,0,1-Aug-19,0.221,8.4,68.4,22.5,"36.019699141520185, -92.25059490820905",390,1412,1.5132,0.312,23.6,8.6,10.34,248,AR,Springfield_Plateau,350,NA,0.020618556701030927,4850,2.2096317280453257,10.716713881019832,2.69,0.23,0,0,79.8,6.45,9.58,0.61,4.68,0.23,95.83
Diles,Heptageniidae,Invert,0.012042453,0.187573812,0.101883755,0.006832831,0.098110892,0,0.019390762,2.273638084,0.087499715,0.019264634,1.691564273,0,0.441841754,0.102684392,0.012574382,0.22122797,0.001184504,0.104861466,0,0,0.068662818,0.016264988,0.00568123,0.005160268,0.901012356,0,1.167037592,1.808528513,1.120869373,0.068827333,0.650681791,0,0.119037121,0,0.046924985,0,0,0.025077475,0,0.737698931,0,0,1.867375307,0.043700503,0,0,0,0,0.003257385,0.007063151,0,0.00404157,0,0,0,0,0,31-Aug-19,0.747,5.9,324.8,92.3,"36.453992,-91.183338",720,1196,2.92,0.654,25.7,8.08,8.5,430,AR,Springfield_Plateau,49.7,0.08,0.022397260273972607,4464.831804281345,5.4682274247491645,24.414715719063544,2.59,0.12,0.02,0,71.8,0.15,5.97,16.2,2.04,0.13999999999999999,77.92
Diles,Psephenidae,Invert,0.016988115,0.9929671339999999,0.0766592285,0.008771561,0.078513467,0,0.0209110765,3.6500968855,0.168407346,0.012666263,4.923386064500001,0,0.44063473999999997,0.037645532499999995,0.009555890000000001,0.146847256,0.0053374015,0.2922880715,0,0,0.3773059255,0.1491910085,0.678464112,0.0415447895,0.827901446,0,4.195770831,1.2246845655,2.8212276574999997,0.23434428950000002,3.9025633315,0,0.408553723,0,0.073696781,0,0,0.028638624,0,0.885128138,0,0,2.216427228,0.0187416215,0,0,0,0,0.0848325645,0.0582381755,0,0.0065017545,0,0,0,0,0,31-Aug-19,0.747,5.9,324.8,92.3,"36.453992,-91.183338",720,1196,2.92,0.654,25.7,8.08,8.5,430,AR,Springfield_Plateau,49.7,0.08,0.022397260273972607,4464.831804281345,5.4682274247491645,24.414715719063544,2.59,0.12,0.02,0,71.8,0.15,5.97,16.2,2.04,0.13999999999999999,77.92
Diles,Amphipod,Invert,0.0109144405,0.095831424,0.042992155,0.0123309045,0.061862636,0,0.0228700655,1.1685973025,0.0124579295,0.0059008225,0.236570729,0,0.140411897,0.0464838785,0.013305605,0.1172655025,0.00989489,0.008591920999999999,0,0,0.002393501,0.003929904,0.0019478885,5.97217e-4,0.3074812435,0,1.600319554,0.30367274450000004,0.71943488,0.0109624925,0.215022108,0,0.0100229305,0,0.017645101,0,0,0.0703230175,0,0.3588811475,0,0,0.5619016615,0.018644134,0,0,0,0,0.072394536,0.13910574850000001,0,0.0049681610000000005,0,0,0,0,0,31-Aug-19,0.747,5.9,324.8,92.3,"36.453992,-91.183338",720,1196,2.92,0.654,25.7,8.08,8.5,430,AR,Springfield_Plateau,49.7,0.08,0.022397260273972607,4464.831804281345,5.4682274247491645,24.414715719063544,2.59,0.12,0.02,0,71.8,0.15,5.97,16.2,2.04,0.13999999999999999,77.92
Diles,Physidae,Invert,6.671625e-4,0.073575904,0.004430814999999999,0.00101115,0.017682259999999998,0,0.007060927999999999,0.3160031285,0.0011573205,0.0015601495,0.056591023,0,0.020952361000000003,0.027665539,0.014660446,0.0339027575,0.0071557675,0.0037411680000000004,0,0,0.0023162075,0.0010919735,3.39762e-4,7.482705e-4,0.24020309150000002,0,0.094621574,0.0394890805,0.143924691,0.0027652745,0.079539617,0,0.005996414,0,0.0037218065,0,0,0.11147565250000001,0,0.293027642,0,0,0.156553518,0.002198772,0,0,0,0,0.3889636,0.034362152,0,8.10203e-4,0,0,0,0,0,31-Aug-19,0.747,5.9,324.8,92.3,"36.453992,-91.183338",720,1196,2.92,0.654,25.7,8.08,8.5,430,AR,Springfield_Plateau,49.7,0.08,0.022397260273972607,4464.831804281345,5.4682274247491645,24.414715719063544,2.59,0.12,0.02,0,71.8,0.15,5.97,16.2,2.04,0.13999999999999999,77.92
Diles,Corydalidae,Invert,0.0037834114999999997,0.0603848895,0.027188299,0.006075628499999999,0.018831037499999998,0,0.0105119225,0.4855657055,0.0177066285,0.006092816500000001,0.199497159,0,0.058603628,0.051024742,0.019315646,0.069993946,7.738365e-4,0.009211381000000001,0,0,0.0024484365,0.0118795265,0.0023986909999999997,4.3684150000000005e-4,0.49833552799999997,0,0.9294133145000001,0.2062585965,0.7450580259999999,0.017802256,0.190947619,0,0.021232221,0,0.050114883,0,0,0.023366344499999997,0,0.3970768485,0,0,0.4126274365,0.024599233499999998,0,0,0,0,0.038168845,0.007074408,0,0.0019455865000000002,0,0,0,0,0,31-Aug-19,0.747,5.9,324.8,92.3,"36.453992,-91.183338",720,1196,2.92,0.654,25.7,8.08,8.5,430,AR,Springfield_Plateau,49.7,0.08,0.022397260273972607,4464.831804281345,5.4682274247491645,24.414715719063544,2.59,0.12,0.02,0,71.8,0.15,5.97,16.2,2.04,0.13999999999999999,77.92
Diles,Perlidae,Invert,0.007163414,0.168578146,0.053337639,0.003566703,0.058327593,0,0.021524536,2.085003528,0.065272375,0.015917268,1.161283253,0,0.202731897,0.089420495,0.018052146,0.212253107,0.005131422,0.044995327,0,0,0.027161813,0.011085929,0.024289588,0.003103717,1.09822292,0,3.046358519,1.038099115,1.844504022,0.050774071,1.318788331,0,0.069473539,0,0.108338595,0,0,0.022810607,0,0.92544361,0,0,1.790849153,0.0398982,0,0,0,0,0.042967622,0.00867669,0,0.002010557,0,0,0,0,0,31-Aug-19,0.747,5.9,324.8,92.3,"36.453992,-91.183338",720,1196,2.92,0.654,25.7,8.08,8.5,430,AR,Springfield_Plateau,49.7,0.08,0.022397260273972607,4464.831804281345,5.4682274247491645,24.414715719063544,2.59,0.12,0.02,0,71.8,0.15,5.97,16.2,2.04,0.13999999999999999,77.92
Diles,Oligochaete,Invert,0.022643448,0.063403922,0.102951304,0.014625134,0.029709428,0,0.054801736,0.159065334,0.003630774,0.003299158,0.030619248,0,0.016821738,0.049393838,0.020339139,0.144556408,0.013304337,0.013120105,0,0,2.35249e-4,0.00115924,2.46587e-4,7.70937e-4,0.511360994,0,0.088671958,0.436653771,0.021297142,9.04151e-4,0.006779713,0,0.001020358,0,0.019276266,0,0,9.6934e-4,0,0.010382144,0,0,0.012717631,0.029802961,0,0,0,0,0.00105437,2.38084e-4,0,0.028935657,0,0,0,0,0,31-Aug-19,0.747,5.9,324.8,92.3,"36.453992,-91.183338",720,1196,2.92,0.654,25.7,8.08,8.5,430,AR,Springfield_Plateau,49.7,0.08,0.022397260273972607,4464.831804281345,5.4682274247491645,24.414715719063544,2.59,0.12,0.02,0,71.8,0.15,5.97,16.2,2.04,0.13999999999999999,77.92
Mill,Hydropsychidae,Invert,0.0157434775,0.7044785005,0.087786691,0.016130585,0.101481419,0,0.0348487905,2.95494088,0.067472949,0.006822379,2.439756036,0,0.1005557055,0.079652048,0.026835615,0.184344606,0.005261928,0.2697681355,0,0,0.060247925,0.08452567450000001,0.024606879499999998,0.007061191499999999,0.893123468,0,2.133227855,0.4995564475,0.7272889215,0.0604686795,1.452364939,0,0.145305649,0,0.059309468500000004,0,0,0.011789391,0,0.316821393,0,0,2.8434713225,0.050227258,0,0,0,0,0.0246513995,0.0291012655,0,0.010007489500000001,0,0,0,0,0,31-Aug-19,1.294,6.1,453,37.9,"36.500356,-91.218754",350,653,1.501,1.196,26.1,8.02,8.6,408,MO,Springfield_Plateau,917,0.21,0.07968021319120587,1255.0167224080267,18.315467075038285,22.986217457886678,2.96,0.52,0.1,0,36.4,0.01,3.17,53.3,1.53,0.62,39.58
Mill,Heptageniidae,Invert,0.0071951615,0.4319012,0.051811938,0.005356377,0.0811239585,0,0.0121958855,3.1825762135,0.041405695500000006,0.0066715695,3.58673565,0,0.1591931635,0.05486389800000001,0.008075766,0.1676689515,0.001464605,0.4859064015,0,0,0.21712696599999998,0.024678458,0.005671581,0.016215532499999998,1.029903061,0,0.9739455045000001,2.1765336299999998,0.6097667915,0.09728228,0.7556083604999999,0,0.1825587595,0,0.051349056500000004,0,0,0.012806357,0,0.5229804545,0,0,2.7986352895,0.0377592625,0,0,0,0,0.011056643,0.005361564500000001,0,0.005113492,0,0,0,0,0,31-Aug-19,1.294,6.1,453,37.9,"36.500356,-91.218754",350,653,1.501,1.196,26.1,8.02,8.6,408,MO,Springfield_Plateau,917,0.21,0.07968021319120587,1255.0167224080267,18.315467075038285,22.986217457886678,2.96,0.52,0.1,0,36.4,0.01,3.17,53.3,1.53,0.62,39.58
Mill,Isonychiidae,Invert,0.001856414,0.094401116,0.015773849,0.001735426,0.014650926,0,0.006181746,1.479611204,0.024708078,0.008956915,0.868586297,0,0.013656554,0.027199681,0.007316011,0.0997246,0.001342214,0.098045888,0,0,0.016125471,0.008748966,0.002933966,0.00145186,1.02327361,0,2.203601368,0.457229882,1.049800294,0.031475861,0.788454238,0,0.045559654,0,0.09364872,0,0,0.009909697,0,0.289422901,0,0,1.773427492,0.028606169,0,0,0,0,0.001780796,0.003153257,0,0.001633342,0,0,0,0,0,31-Aug-19,1.294,6.1,453,37.9,"36.500356,-91.218754",350,653,1.501,1.196,26.1,8.02,8.6,408,MO,Springfield_Plateau,917,0.21,0.07968021319120587,1255.0167224080267,18.315467075038285,22.986217457886678,2.96,0.52,0.1,0,36.4,0.01,3.17,53.3,1.53,0.62,39.58
Mill,Perlidae,Invert,0.00882066,0.811113024,0.099217889,0.006707579,0.226797592,0,0.023121115,7.226259694,0.054617011,0.014268145,4.615958145,0,0.204716863,0.102261501,0.01406136,0.286978405,0.005027453,0.342887821,0,0,0.083095143,0.032852921,0.004659118,0.023256818,1.835453394,0,2.410883545,2.152609442,0.388664786,0.056213131,0.391372373,0,0.094746169,0,0.095334213,0,0,0.010662337,0,0.117964215,0,0,0.71919722,0.070778529,0,0,0,0,0.002642967,0.003121157,0,0.004303707,0,0,0,0,0,31-Aug-19,1.294,6.1,453,37.9,"36.500356,-91.218754",350,653,1.501,1.196,26.1,8.02,8.6,408,MO,Springfield_Plateau,917,0.21,0.07968021319120587,1255.0167224080267,18.315467075038285,22.986217457886678,2.96,0.52,0.1,0,36.4,0.01,3.17,53.3,1.53,0.62,39.58
Hurricane,Hydropsychidae,Invert,0.020692274,0.586495015,0.09744694549999999,0.0199411905,0.124765398,0,0.039579056,2.7196985954999997,0.106819129,0.022801553500000002,1.3361874139999999,0,0.24976813450000002,0.052264823,0.0246273335,0.220230816,0.004855517,0.0658530175,0,0,0.020987814,0.411339799,0.020599200499999998,0.002458982,0.79885396,0,2.4286261085,0.238279389,0.705769407,0.067918722,2.307243594,0,0.128898664,0,0.041859629999999995,0,0,0.0051066,0,0.253581665,0,0,1.310721719,0.030772653999999997,0,0,0,0,0.0037999065,0.008203144,0,0.0062701955,0,0,0,0,0,3-Aug-19,0.39,7.2,196.6,44,"35.699393261351936, -93.24437478628576",250,1027,1.078571429,0.4005,26.2,8.78,8.28,48,AR,Boston_Mountains,132.9,0.47,0.03713245031637122,2693.062244694132,3.8997078870496593,10.502156075949367,2.57,0.14,0.02,0,90.5,3.33,1.51,1.57,1.67,0.16,95.34
Hurricane,Limnephilidae,Invert,0.00204238,0.185354462,0.00925517,0.001768706,0.041200435,0,0.005229216,2.011255707,0.043536846,0.002331887,1.435863219,0,0.048017416,0.01419488,0.013751573,0.071162127,0.016884127,0.258405168,0,0,0.074057195,0.647400517,0.130171753,0.030574631,0.392446813,0,1.996594903,0.195548268,0.507010079,0.029027579,2.327598422,0,0.128118064,0,0.021991207,0,0,0.002241416,0,0.027799437,0,0,0.547432465,0.0076086,0,0,0,0,0.003745494,0.004243084,0,6.67223e-4,0,0,0,0,0,3-Aug-19,0.39,7.2,196.6,44,"35.699393261351936, -93.24437478628576",250,1027,1.078571429,0.4005,26.2,8.78,8.28,48,AR,Boston_Mountains,132.9,0.47,0.03713245031637122,2693.062244694132,3.8997078870496593,10.502156075949367,2.57,0.14,0.02,0,90.5,3.33,1.51,1.57,1.67,0.16,95.34
Hurricane,Tabanidae,Invert,0.004702884,0.064505825,0.049781843,0.005733762,0.031513717,0,0.018639722,1.242859918,0.032105074,0.014140617,0.717383573,0,0.058404463,0.052870483,0.023022954,0.137026931,6.79261e-4,0.01330153,0,0,0.002617153,0.01541523,0.002617153,8.271e-4,0.634118156,0,1.563610979,0.26137965,0.707278566,0.024533311,0.466444564,0,0.037730953,0,0.03765104,0,0,0.007108267,0,0.307509467,0,0,0.666099364,0.011171846,0,0,0,0,0.004059584,0.002133679,0,9.15005e-4,0,0,0,0,0,3-Aug-19,0.39,7.2,196.6,44,"35.699393261351936, -93.24437478628576",250,1027,1.078571429,0.4005,26.2,8.78,8.28,48,AR,Boston_Mountains,132.9,0.47,0.03713245031637122,2693.062244694132,3.8997078870496593,10.502156075949367,2.57,0.14,0.02,0,90.5,3.33,1.51,1.57,1.67,0.16,95.34
Hurricane,Physidae,Invert,0.005098757000000001,0.2442700935,0.008643276,0.0019925575,0.051825388,0,0.01869721,0.9128420825,0.0268142745,0.0024229825,0.5974984345000001,0,0.10120882049999999,0.066776155,0.021423684499999998,0.10004028549999999,0.001042446,9.589315000000001e-4,0,0,4.19405e-4,7.034955e-4,0.0014740600000000001,0.0039639175000000006,0.402501286,0,0.101881566,0.15317962400000001,0.0044705665,1.8e-5,0.0033124065,0,8.428660000000001e-4,0,0.0098276335,0,0,0.0040961205,0,0.0030815135,0,0,0.0027326365,0.002715088,0,0,0,0,0.0038696520000000003,1.915585e-4,0,0.003390403,0,0,0,0,0,3-Aug-19,0.39,7.2,196.6,44,"35.699393261351936, -93.24437478628576",250,1027,1.078571429,0.4005,26.2,8.78,8.28,48,AR,Boston_Mountains,132.9,0.47,0.03713245031637122,2693.062244694132,3.8997078870496593,10.502156075949367,2.57,0.14,0.02,0,90.5,3.33,1.51,1.57,1.67,0.16,95.34
Hurricane,Isonychiidae,Invert,0.0034650725,0.12747641399999998,0.0481096425,0.00314589,0.1020969545,0,0.0080367395,2.465041857,0.0391723545,0.013884704,0.798137298,0,0.19225382800000002,0.0342237745,0.00549113,0.2180833905,7.891669999999999e-4,0.0499451305,0,0,0.013539447,0.09097364449999999,0.0036469830000000003,0.002530755,0.753668087,0,1.2541080665,0.601783534,0.498571231,0.0494883135,0.893043531,0,0.11868657599999999,0,0.042192980000000005,0,0,0.01169363,0,0.24955584800000002,0,0,0.7463336064999999,0.0345822925,0,0,0,0,4.1480849999999997e-4,0.0039870955,0,0.0030517015,0,0,0,0,0,3-Aug-19,0.39,7.2,196.6,44,"35.699393261351936, -93.24437478628576",250,1027,1.078571429,0.4005,26.2,8.78,8.28,48,AR,Boston_Mountains,132.9,0.47,0.03713245031637122,2693.062244694132,3.8997078870496593,10.502156075949367,2.57,0.14,0.02,0,90.5,3.33,1.51,1.57,1.67,0.16,95.34
Hurricane,Corydalidae,Invert,3.33613e-4,0.006510239,0.001956525,3.18208e-4,0.002461062,0,4.60843e-4,0.127073037,0.002106996,0.00152397,0.065463759,0,0.005960946,0.002602369,5.99362e-4,0.019326325,1.69994e-4,0.001143475,0,0,7.85e-5,1.46487e-4,1.54455e-4,7.44e-5,0.146483695,0,0.191573408,0.051531821,0.044725022,2.86201e-4,0.008742473,0,3.69206e-4,0,0.014984174,0,0,4.3468e-4,0,0.00415383,0,0,0.003765765,0.01769611,0,0,0,0,6.77e-6,1.41972e-4,0,0.001249589,0,0,0,0,0,3-Aug-19,0.39,7.2,196.6,44,"35.699393261351936, -93.24437478628576",250,1027,1.078571429,0.4005,26.2,8.78,8.28,48,AR,Boston_Mountains,132.9,0.47,0.03713245031637122,2693.062244694132,3.8997078870496593,10.502156075949367,2.57,0.14,0.02,0,90.5,3.33,1.51,1.57,1.67,0.16,95.34
Hurricane,Tipulidae,Invert,0.008124052,0.062077477,0.07488433,0.007008457,0.027669461,0,0.020303383,1.106189147,0.017505399,0.013177969,0.709711999,0,0.080316109,0.066362172,0.02527408,0.088928235,0.002593309,0.009268887,0,0,9.85143e-4,0.004590584,0.001941046,3.35128e-4,0.474154965,0,1.588702079,0.323972455,0.346270864,0.017775301,0.233564257,0,0.04123204,0,0.062552055,0,0,0.012642663,0,0.361488843,0,0,0.481284878,0.029956881,0,0,0,0,0.012550446,0.005069661,0,0.00272826,0,0,0,0,0,3-Aug-19,0.39,7.2,196.6,44,"35.699393261351936, -93.24437478628576",250,1027,1.078571429,0.4005,26.2,8.78,8.28,48,AR,Boston_Mountains,132.9,0.47,0.03713245031637122,2693.062244694132,3.8997078870496593,10.502156075949367,2.57,0.14,0.02,0,90.5,3.33,1.51,1.57,1.67,0.16,95.34
Hurricane,Leptoceridae,Invert,0.016171994999999998,0.301437886,0.051518462,0.0042669935,0.096924734,0,0.0138591915,2.5653632355,0.0822208155,0.063975841,2.532878605,0,0.445764993,0.0645141605,0.009589479000000001,0.235556351,4.49185e-4,0.0819196135,0,0,0.0430272025,0.014057974499999999,0.002549767,0.0061561945,0.9892561025,0,0.832914003,1.6080939239999998,0.39002768400000004,0.0423959655,0.407691616,0,0.0822353515,0,0.05600616,0,0,0.0131417565,0,0.3115859825,0,0,0.7490160485,0.0523453515,0,0,0,0,5.95254e-4,0.0042930815,0,0.006999765,0,0,0,0,0,3-Aug-19,0.39,7.2,196.6,44,"35.699393261351936, -93.24437478628576",250,1027,1.078571429,0.4005,26.2,8.78,8.28,48,AR,Boston_Mountains,132.9,0.47,0.03713245031637122,2693.062244694132,3.8997078870496593,10.502156075949367,2.57,0.14,0.02,0,90.5,3.33,1.51,1.57,1.67,0.16,95.34
Cap Fork-North Sylamore,NA,Periphyton,18.799926552105266,2740.0740054315793,278.79375450105266,29.646450851789478,125.31477816,0,12.760454709052633,9269.406176105264,206.02907758105266,0,11664.69542926316,0,693.3845060452632,42.56156793610526,24.002874574421057,55.37928378484211,275.71887126105264,0,0,0,53.41634051684211,58.16370604200001,0,0,1052.8408864863159,0,1006.9712025578949,982.4391069863158,1422.5770177894738,47.21539672610527,831.3835003157895,0,30.50437402726316,0,35.01062736326316,0,0,20.149447508210528,0,87.44570556936843,0,0,291.0005087189474,66.3666373691579,0,0,0,0,14.814470549894738,3.6566296218947367,4.698592725894737,114.74563282273685,0,0,0,0,0,1-Aug-19,0.57,9.7,25.6,60,"36.01831941409226, -92.2515323560381",390,950,1.1388,0.541,23.79,8.78,9.18,248,AR,Springfield_Plateau,13.7,0.1,0.04750614682121532,2104.9907578558223,5.6947368421052635,11.987368421052631,3.23,0.5,0.07,0.01,80.5,7.24,5.69,1.67,4.7,0.5800000000000001,93.42999999999999
Diles,NA,Periphyton,108.51539367892975,4882.73961451505,1032.7566341137122,226.25746729765885,335.5911414983277,0,55.59022500401338,12099.003947157189,506.91101418060197,0,5985.991522073578,0,2751.3792628093647,87.38923224080267,81.8398720535117,130.00904646822744,143.42141795317724,0,0,0,118.54191589966555,52.31515647491638,0,0,1199.8950158528428,0,2465.5964383946484,2550.6245305685616,3630.93399632107,273.8985651371237,1369.9655217391303,0,649.5653232240802,0,121.02863634782608,0,0,61.38185471839465,0,890.0512433779263,0,0,2006.2789165886286,278.06202736454844,0,0,0,0,74.40701569565216,159.36127743812708,32.67188824615384,607.849550528428,0,0,0,0,0,31-Aug-19,0.747,5.9,324.8,92.3,"36.453992,-91.183338",720,1196,2.92,0.654,25.7,8.08,8.5,430,AR,Springfield_Plateau,49.7,0.08,0.022397260273972607,4464.831804281345,5.4682274247491645,24.414715719063544,2.59,0.12,0.02,0,71.8,0.15,5.97,16.2,2.04,0.13999999999999999,77.92
Hurricane,NA,Periphyton,32.733041139240505,4850.180147679325,207.76103611652061,26.908421582278482,350.90457156767286,0,32.957455882830246,17953.593859136643,398.2741301525479,0,16505.622630639402,0,3209.3377685816295,58.24985305907174,63.59736992048036,146.34788028237585,109.21040581791627,0,0,0,12.877021535215839,38.19503680623175,0,0,1765.641885021097,0,1862.6215871470301,1047.4625069782537,559.1564098993832,53.840976097046415,265.27214294871794,0,59.169501560370016,0,74.60069723304122,0,0,11.053195434923728,0,116.88761742697176,0,0,172.4753489857189,54.1168200259656,0,0,0,0,4.433977886238234,0.22679528399870172,9.125874751703991,149.13954169912367,0,0,0,0,0,3-Aug-19,0.39,7.2,196.6,44,"35.699393261351936, -93.24437478628576",250,1027,1.078571429,0.4005,26.2,8.78,8.28,48,AR,Boston_Mountains,132.9,0.47,0.03713245031637122,2693.062244694132,3.8997078870496593,10.502156075949367,2.57,0.14,0.02,0,90.5,3.33,1.51,1.57,1.67,0.16,95.34
Lick Branch-Little Mulberry,NA,Periphyton,23.341226049242426,2404.6063767045453,240.34222407196967,36.67982350946969,248.9459974431818,0,18.90638047064394,12526.57359280303,493.9737527556818,0,5674.05646278409,0,1340.2871172348484,37.533306379734846,32.775911202651514,89.73592317234848,378.3229549431818,0,0,0,66.02198915719697,134.0019578655303,0,0,1388.1579134469698,0,1478.0298402462122,596.6549991193182,828.1413834469696,150.22808741477272,403.7782792424242,0,136.06657982007576,0,49.223103889204545,0,0,9.762838525568181,0,215.54593463068184,0,0,686.4664555871212,43.62914504640152,0,0,0,0,7.393632803030304,3.34469209469697,7.860169070075757,267.6233808901515,0,0,0,0,0,5-Aug-19,0.337,8.3,153.8,67.9,"35.70973036828683, -93.66113910920193",300,1056,0.62,0.356,21.9,7.82,7.83,39,AR,Boston_Mountains,4.6,0.08,0.05741935483870968,1741.5730337078653,3.371212121212121,5.871212121212121,3.8,0.09,0.01,0,86.8,1.67,0.26,2.88,2.79,0.09999999999999999,88.73
Lewis Prong-Panther,NA,Periphyton,40.43941183108758,3608.00608141803,923.904067003529,122.51755237151107,356.91600991883223,0,24.144137972313118,11654.516644914982,708.8236037824831,0,15216.451943792106,0,3762.4221568110365,59.761481599935834,52.87630803978184,148.22557158614052,197.7920561401989,0,0,0,57.736307076355466,44.05027523673404,0,0,2806.628137728585,0,2691.770684626243,1057.6187709528392,1035.02861728906,96.96186072056464,625.6614787231312,0,81.80401763618863,0,73.77139988610844,0,0,23.46777616326596,0,126.29481177831246,0,0,210.91117631472568,54.29378152967597,0,0,0,0,2.6527777385627203,6.2948823701957,7.971405465255053,151.87352609464227,0,0,0,0,0,4-Aug-19,0.4,8.4,111.1,34.7,"35.722200737836616, -93.51254320440228",370,1039,0.5254,0.415,24.6,6.72,7.86,23,AR,Boston_Mountains,86.9,0.31,0.07898743814236772,1266.0240963855422,3.9942252165543786,5.056785370548604,2.52,0.04,0.01,0,93.4,1.07,0.97,1.45,1.66,0.05,95.44
Little Piney,NA,Periphyton,38.44515685867945,2108.4049567511183,782.2858652449415,125.77817128008522,264.256144829606,0,24.533438323748673,10352.153829499468,617.3311592119276,0,11431.640136102236,0,2299.169866922258,44.153476357295,56.27657563929713,137.91979050053249,167.19243669020236,0,0,0,47.18136694781683,104.33194509563366,0,0,1485.2751412247073,0,2343.5842385835995,906.5637679116082,1341.9379792055379,75.73920697870075,1160.4940876151225,0,71.87746607838126,0,66.92490861416401,0,0,28.030387542066027,0,139.80787893365286,0,0,209.79177392790206,42.69943259978701,0,0,0,0,3.588844718956337,12.929547608945688,8.086434032481364,81.08734942705006,0,0,0,0,0,3-Aug-19,0.443,10.6,25.6,28.4,"35.649248542128724, -93.3465293909319",390,939,0.84825,0.416,22.61,6.07,6.02,24,AR,Boston_Mountains,9.28,0.09,0.049042145593869726,2039.0625,4.43024494142705,9.033546325878595,3.34,0.14,0.02,0,65.8,18.7,7.51,2.73,2.79,0.16,92.01
Mill,NA,Periphyton,373.8568815569168,9802.660614599285,3797.475395839714,896.3503973455845,979.4162866513527,0,197.4724668300153,40510.04781674324,2064.000081623277,0,50765.821579377225,0,1371.1497469116896,269.65521545941806,159.5145163323124,519.1426670469627,4178.078201301684,0,0,0,1932.6790896886164,574.0462250127616,0,0,4239.282193185299,0,8516.6764841756,5048.0935298876975,6566.1094522715675,834.6981026288922,6267.429371618172,0,827.5788299897907,0,436.84285631189385,0,0,76.94670861408882,0,2363.0767556916794,0,0,9767.354483409903,491.2562484430832,0,0,0,0,330.0584198315467,204.21725962225622,69.79326605564063,1328.8705757274117,0,0,0,0,0,31-Aug-19,1.294,6.1,453,37.9,"36.500356,-91.218754",350,653,1.501,1.196,26.1,8.02,8.6,408,MO,Springfield_Plateau,917,0.21,0.07968021319120587,1255.0167224080267,18.315467075038285,22.986217457886678,2.96,0.52,0.1,0,36.4,0.01,3.17,53.3,1.53,0.62,39.58
Mulberry,NA,Periphyton,20.452682501119156,2185.7227996313363,380.8984496642528,46.73301418301514,176.5997868703094,0,13.8186132481896,7337.489709282422,243.45979094140884,0,7747.501601316656,0,728.881734351547,32.43406432653061,15.779232861882818,134.66242920079,101.88926950625412,0,0,0,19.680214644371297,66.26047961553654,0,0,1748.9250910862409,0,2008.7334135878868,445.9970556418696,842.8580338380514,61.83102692824226,763.2759261092824,0,54.29022827123107,0,137.23346974325216,0,0,8.30784287636603,0,58.92942240947992,0,0,87.73638,78.30773759842,0,0,0,0,1.3865157298222515,2.4960057535220543,13.094666671757734,96.07114526662276,0,0,0,0,0,4-Aug-19,0.557,8.4,5,54.8,"35.688254121491525, -93.44995997934139",360,1519,1.1952,0.846,21.6,6.77,8.35,18,AR,Boston_Mountains,10.46,0.7,0.07078313253012047,1412.7659574468087,5.569453587886767,7.868334430546412,4.81,0.39,0.06,0.01,81.7,6.09,3.95,1.7,2.56,0.46,91.74000000000001
Perry,NA,Periphyton,45.61902880639227,7058.930722357344,343.471638226068,44.96096783673215,646.336888169629,0,75.29472421359527,39655.71677202994,151.05485904427815,0,277.19732556345497,0,1887.0590272248207,109.82482573401934,64.946857409416907,270.78413994574373,2739.242514228251,0,0,0,574.7930881041472,899.9719847489866,0,0,3746.279061135018,0,3466.201276778921,3863.8962074368574,6023.4271048331775,923.2744196008731,5266.723385063923,0,933.9141207047087,0,164.1742058762083,0,0,66.91899294480824,0,1372.354162450889,0,0,9394.166665232306,157.12257671811662,0,0,0,0,252.69176937293423,106.26150557249767,17.71057141384472,583.5320224197069,0,0,0,0,0,31-Jul-19,0.968,7.7,68.4,51.3,"36.18335136188263, -92.38135372536217",310,1069,1.63525,1.035,26.3,NA,NA,NA,AR,Springfield_Plateau,46.8,0.18,0.06329307445344748,1579.9516908212563,9.681945743685688,15.297006548175867,3.13,0.72,0.07,0,52.7,8.58,26.7,7.49,6.34,0.79,87.98
Roasting Ear,NA,Periphyton,175.07288886602012,11192.87565093391,792.5534714913794,113.88617648275863,526.0657032823276,0,126.14408779191812,36627.67425592673,1795.6428973168104,0,37496.23663023707,0,1746.305417988506,159.97024872126437,75.7483583527299,448.7714544238507,4143.469386706179,0,0,0,1176.2813099820405,1146.6348831250002,0,0,4153.611714058909,0,6067.328758074713,4064.5846695977016,5988.376760905173,681.9019645962644,10539.49289885776,0,418.3686209622845,0,403.938076613865,0,0,87.67436573886495,0,727.5906102693966,0,0,5289.252392974137,144.4930584691092,0,0,0,0,100.1724696262572,122.31650203670978,9.540015154166667,212.26379397808907,0,0,0,0,0,2-Aug-19,2.553,7.9,239.3,1,"35.95118053156019, -92.28777778037545",470,928,1.890444444,2.37,20.2,7.85,7.23,289,AR,Springfield_Plateau,190,0.1,0.12536734456926468,797.6558835443037,25.538793103448278,20.371168577586207,3.09,0.58,0.09,0,73.7,3.83,5.1,11.3,3.57,0.6699999999999999,82.63
North Sylamore,NA,Periphyton,92.29515357606232,7998.711827577905,405.3127321961757,71.01867814688386,530.9574583951842,0,79.362378805949,33086.75534065156,41.14201768675638,0,4246.938219704674,0,3642.207249284703,96.42331970177055,81.59777061954675,280.5106121189802,2155.142150459632,0,0,0,210.2205914213173,347.70907021813036,0,0,2277.715164072238,0,4730.262340084986,3235.6913792138816,5186.119805446176,421.4245489990794,3560.310290934845,0,324.95588283725215,0,191.09703064164307,0,0,51.564016224150144,0,729.6952555998583,0,0,4308.108622714589,147.99878172896604,0,0,0,0,150.70074165609068,79.71899561890936,21.12100253590652,413.45286395679886,0,0,0,0,0,1-Aug-19,0.221,8.4,68.4,22.5,"36.019699141520185, -92.25059490820905",390,1412,1.5132,0.312,23.6,8.6,10.34,248,AR,Springfield_Plateau,350,NA,0.020618556701030927,4850,2.2096317280453257,10.716713881019832,2.69,0.23,0,0,79.8,6.45,9.58,0.61,4.68,0.23,95.83
Cove,NA,Periphyton,41.46256632596544,9405.220466006096,280.6467481072154,35.740998704776416,668.0286238109754,0,35.290719381351614,48784.39189913617,883.22498457063,0,62321.60437296747,0,2544.2251869410566,83.85617656885161,56.3457977746443,248.3612326064532,1006.1943851829267,0,0,0,26.780536343114832,106.3804176036585,0,0,5923.470381580283,0,3573.8463319359753,1470.353816735264,1248.6480569588414,117.37432054344511,566.4968873043698,0,84.4075942985264,0,199.8221923559451,0,0,15.840354219766258,0,117.37293019385162,0,0,373.75775255081294,106.50100297078251,0,0,0,0,7.869158926930893,2.9119084786585363,16.47052330688516,352.09291256859746,0,0,0,0,0,5-Aug-19,0.197,7.4,367.5,34.7,"35.70117803375184, -93.8362206950113",290,1312,0.657333333,0.258,26.4,7.94,8.34,84,AR,Boston_Mountains,8.7,0.06,0.039249492920511914,2547.80361627907,1.9664634146341462,5.0101625990853655,1.87,0.04,0.01,0,92.7,3.95,0.76,0.55,2.37,0.05,97.41000000000001
East Livingstone,NA,Periphyton,96.2783806316726,8386.017891903914,648.8865176156585,125.21401250355872,622.6093011743773,0,117.12288503291815,45830.25166459075,1381.7748892259788,0,53451.72659119217,0,4465.94581522242,280.16892602224203,149.55421943772245,865.3578334982208,1333.0961325800713,0,0,0,691.8642979457295,457.6022342882562,0,0,15404.679320765124,0,10086.95279217082,9165.869121708185,11684.693884430606,498.90519274288255,9310.311117099645,0,507.1324676637011,0,439.5265770213523,0,0,104.21221755160143,0,1135.8526882295375,0,0,5367.608917882562,228.95131901690394,0,0,0,0,217.90979712535588,86.58531144145908,15.921516996975091,201.6446246067616,0,0,0,0,0,1-Aug-19,0.51,6.8,68.4,45.1,"35.99504257987518, -92.1222211645147",390,1124,2.60325,0.572,25,NA,NA,NA,AR,Springfield_Plateau,8.3,0.14,0.02197253433208489,4551.136363636364,5.0889679715302485,23.1605871886121,1.62,0.89,0.09,0,48.9,13.2,29.9,0.27,1.93,0.98,92
Spring,NA,Periphyton,12.482067400000002,2510.821223447012,105.81569921378805,24.52268408837551,356.3301631580492,0,29.806009496883025,18908.392775797583,286.0104335907591,0,18623.75896692336,0,119.57558194132748,31.97941579200587,35.64249265001834,76.14785909130914,505.0875121716172,0,0,0,42.47237744686469,280.24688198093145,0,0,1691.4844182691604,0,1559.6851968683536,1144.3990161862855,1965.3060605940595,127.05494440117346,792.4931054345435,0,33.44340661650165,0,44.478712534360106,0,0,29.543969660579396,0,403.171551819582,0,0,776.166222845618,48.679866662999636,0,0,0,0,11.732539657719105,4.618105457132381,11.368816670113679,194.83160963109646,0,0,0,0,0,2-Aug-19,0.849,7.2,25.6,96,"36.04519944804692, -92.43342848020193",220,909,0.842285714,0.772,24.4,8.47,8.55,301,AR,Springfield_Plateau,0.4,0.1,0.09165535959689802,1091.043670984456,8.492849284928493,9.266069460946095,3.11,0.46,0.05,0,62.6,4.89,17.7,9.96,4.7,0.51,85.19
