Site,Type,i-14:0,14:0,i-15:0,a-15:0,15:0,15:1w7,i-16:0,16:0,16:1w9,16:1w8,16:1w7,16:1w6,16:1w5,i-17:0,a-17:0,17:0,16:2w7,16:2w6,16:2w4,16:3w6,16:3w4,16:3w3,16:4w3,16:4w1,18:0,Cy19:0,18:1w9,18:1w7,18:2w6,18:3w6,18:3w3,18:4w4,18:4w3,18:5w3,20:0,20:1w9,20:1w7,20:2w6,20:3w6,20:4w6,20:3w3,20:4w3,20:5w3,22:0,22:1w9,22:1w7,22:4w6,22:5w6,22:5w3,22:6w3,23:0,24:0,26:0,27:0,28:0,29:0,30:0,Sample_Date,SRP_ug.L,NO3_ug.L,Canopy_Cover_per,Lat_Long,Slurry_Volume_mL,Cobble_SA_cm2,Slurry_AFDM_g,Slurry_Chla_mg,Temp,pH,DO_mg.L,Conductivity_uS.cm,State,EcoRegion,Discharge_L.s,MidPoint_Velocity_m.s,chla.afdm_per,AI,chla_mg.m2,afdm_mg.m2,UrbOp_per,UrbLo_per,UrbMed_per,UrbHi_per,Decid_per,Conif_per,MixFor_per,Hay_per,SepticWs,UrbTot_per,ForTot
Cap Fork-North Sylamore,Periphyton,23.915353635789476,4345.363755473685,238.77471186947372,26.65771340084211,213.25347190105265,0,22.869468680842107,13350.202636105263,322.79139154736845,0,20367.687160736845,0,1207.9641825789474,82.10608667368422,44.77540556210527,94.45905862421053,490.8906333157895,0,0,0,91.20610934842107,119.00853148736843,0,0,1729.7125399894737,0,1701.3995285368424,1659.2347175368423,2406.9106960736844,83.64609051157896,1464.8812927894737,0,54.32013517894737,0,58.33896871263158,0,0,37.24832799315789,0,157.1462734263158,0,0,512.5824522,118.1438234463158,0,0,0,0,28.510659191368426,8.292961814526315,7.93060797031579,247.74296951368422,0,0,0,0,0,1-Aug-19,9.7,25.6,60,"36.01831941409226, -92.2515323560381",390,950,1.1388,0.541,23.79,8.78,9.18,248,AR,Springfield_Plateau,13.7,0.1,0.04750614682121532,2104.9907578558223,5.6947368421052635,11.987368421052631,3.23,0.5,0.07,0.01,80.5,7.24,5.69,1.67,4.7,0.5800000000000001,93.42999999999999
Cap Fork-North Sylamore,Periphyton,8.982128027052632,1040.6041402421054,180.01168905473688,19.53305238505263,44.32618660736843,0,4.737149713263158,4998.554245578948,87.85259467263158,0,4646.990063368421,0,270.35590144105265,17.502845366842106,8.274631642105264,20.517395184,84.71500201894737,0,0,0,16.026331168421052,13.011781351263158,0,0,382.4171767957895,0,421.26795647368425,404.38032545368424,505.30622302105263,15.995570456210526,248.1774277894737,0,9.78190654863158,0,13.62699559957895,0,0,6.275185332,0,23.870312835473687,0,0,70.22670646105264,22.393798641157893,0,0,0,0,0,1.4765141943157898,1.9686855937894738,17.25675966505263,0,0,0,0,0,1-Aug-19,9.7,25.6,60,"36.01831941409226, -92.2515323560381",390,950,1.1388,0.541,23.79,8.78,9.18,248,AR,Springfield_Plateau,13.7,0.1,0.04750614682121532,2104.9907578558223,5.6947368421052635,11.987368421052631,3.23,0.5,0.07,0.01,80.5,7.24,5.69,1.67,4.7,0.5800000000000001,93.42999999999999
Cap Fork-North Sylamore,Periphyton,23.502297993473686,2834.2541205789475,417.59486257894736,42.74858676947369,118.36467597157895,0,10.674745733052632,9459.46164663158,207.4432465231579,0,9979.409063684212,0,601.8334341157895,28.075771767789476,18.958586519052634,51.1613975463158,251.5509784484211,0,0,0,53.01658103368422,42.47080528736843,0,0,1046.3929426736843,0,898.246122663158,883.7022779684211,1355.5141342736842,42.004529210526314,781.0917803684212,0,27.41108035421053,0,33.06591777757895,0,0,16.924829199473688,0,81.32053044631579,0,0,290.1923674957895,58.562290020000006,0,0,0,0,15.932752458315791,1.2004128568421053,4.1964846135789475,79.2371692894737,0,0,0,0,0,1-Aug-19,9.7,25.6,60,"36.01831941409226, -92.2515323560381",390,950,1.1388,0.541,23.79,8.78,9.18,248,AR,Springfield_Plateau,13.7,0.1,0.04750614682121532,2104.9907578558223,5.6947368421052635,11.987368421052631,3.23,0.5,0.07,0.01,80.5,7.24,5.69,1.67,4.7,0.5800000000000001,93.42999999999999
Diles,Periphyton,63.08143169899665,3272.299676789298,619.7791069565217,135.08213406020064,215.737614722408,0,32.459092151839464,9655.367658862875,345.79439367892974,0,3938.1298452842802,0,1431.8441717056855,55.6609511438127,47.10903098327759,85.90124612709029,85.59267170568562,0,0,0,67.57780208026756,30.181518915050166,0,0,929.38212722408025,0,1538.7725618729096,1595.2857664214043,2384.0901957190636,161.88402816722407,819.6177913043479,0,340.44577007357856,0,80.22935408026756,0,0,38.32200648963211,0,478.5401784280936,0,0,1067.7998040802674,166.73305509030098,0,0,0,0,41.202034585284274,72.3827469431438,18.426302199331104,323.5476460334448,0,0,0,0,0,31-Aug-19,5.9,324.8,92.3,"36.453992,-91.183338",720,1196,2.92,0.654,25.7,8.08,8.5,430,AR,Springfield_Plateau,49.7,0.08,0.022397260273972607,4464.831804281345,5.4682274247491645,24.414715719063544,2.59,0.12,0.02,0,71.8,0.15,5.97,16.2,2.04,0.13999999999999999,77.92
Diles,Periphyton,157.27492450836118,6428.08962541806,1478.1404961872909,322.6809376655518,464.303170173913,0,77.69553032107022,14858.103154515049,656.4849832775919,0,8457.814366555183,0,4061.4441573913045,122.22951682274245,118.26786202675584,173.3154708160535,210.30015004013376,0,0,0,176.72304798662208,78.80368551170568,0,0,1518.6297160535116,0,3469.966328227424,3625.92531812709,5047.743826956522,401.1383247290969,1962.528979063545,0,988.8345746488293,0,160.12842411371238,0,0,85.28639333779263,0,1363.4187309030099,0,0,3079.466293244147,387.4803120602007,0,0,0,0,112.51930701672241,251.53737483612036,46.833408469565214,873.8634744481604,0,0,0,0,0,31-Aug-19,5.9,324.8,92.3,"36.453992,-91.183338",720,1196,2.92,0.654,25.7,8.08,8.5,430,AR,Springfield_Plateau,49.7,0.08,0.022397260273972607,4464.831804281345,5.4682274247491645,24.414715719063544,2.59,0.12,0.02,0,71.8,0.15,5.97,16.2,2.04,0.13999999999999999,77.92
Diles,Periphyton,105.18982482943143,4947.829541337792,1000.3502991973244,221.00933016722405,326.73263959866216,0,56.616052539130436,11783.541028093645,518.4536655852843,0,5562.030354381271,0,2760.8494593311034,84.27722875585283,80.14272315050167,130.81042246153845,134.37143211371236,0,0,0,111.32489763210701,47.960264997993306,0,0,1151.6732042809365,0,2388.050425083612,2430.6625071571902,3460.9679662876256,258.67334251505014,1327.7497948494984,0,619.4156249498327,0,122.72813084949833,0,0,60.53716432775919,0,828.1948208026755,0,0,1871.5706524414713,279.9727149431438,0,0,0,0,69.49970548494983,154.16371053511705,32.75595406956521,626.137531103679,0,0,0,0,0,31-Aug-19,5.9,324.8,92.3,"36.453992,-91.183338",720,1196,2.92,0.654,25.7,8.08,8.5,430,AR,Springfield_Plateau,49.7,0.08,0.022397260273972607,4464.831804281345,5.4682274247491645,24.414715719063544,2.59,0.12,0.02,0,71.8,0.15,5.97,16.2,2.04,0.13999999999999999,77.92
Hurricane,Periphyton,31.716245861733206,5042.064449853943,188.99508734177215,23.604229914800392,345.0459629990263,0,20.78859134858812,18410.505496592014,379.62746226874395,0,25579.82828627069,0,2902.07990993184,47.3324967624148,51.500137999026286,145.16043230282378,36.75214569133398,0,0,0,0.9922955306718598,6.536746801363194,0,0,1748.1518420155792,0,1691.6778227848101,925.7621144109055,148.55904449853944,9.98497376825706,45.09983181596885,0,14.971258804771178,0,74.42216472736125,0,0,2.29468341285297,0,17.464401324245372,0,0,31.554997857838366,52.10791901168452,0,0,0,0,1.3147915774099317,0.24807388266796496,6.921261319376826,134.70411815968842,0,0,0,0,0,3-Aug-19,7.2,196.6,44,"35.699393261351936, -93.24437478628576",250,1027,1.078571429,0.4005,26.2,8.78,8.28,48,AR,Boston_Mountains,132.9,0.47,0.03713245031637122,2693.062244694132,3.8997078870496593,10.502156075949367,2.57,0.14,0.02,0,90.5,3.33,1.51,1.57,1.67,0.16,95.34
Hurricane,Periphyton,26.210457083739048,4330.629564264849,150.03695674294062,23.11016268013632,259.0536835443038,0,18.91056069620253,16611.74797711782,314.80957570593966,0,23937.03960564752,0,2444.575963972736,39.216871470301854,42.3171658714703,106.16346779454723,41.88485389483934,0,0,0,1.642785481986368,4.85424582278481,0,0,1235.9922709347613,0,1423.1710014605646,734.0533714703018,164.09327161635832,10.21491423563778,44.206986757546254,0,13.611651134371957,0,47.80135199610516,0,0,4.878949362220058,0,20.12103420886076,0,0,35.4619332278481,40.489103821811106,0,0,0,0,0.9634381012658227,0.4323119693281402,6.571141927945472,117.76178033106135,0,0,0,0,0,3-Aug-19,7.2,196.6,44,"35.699393261351936, -93.24437478628576",250,1027,1.078571429,0.4005,26.2,8.78,8.28,48,AR,Boston_Mountains,132.9,0.47,0.03713245031637122,2693.062244694132,3.8997078870496593,10.502156075949367,2.57,0.14,0.02,0,90.5,3.33,1.51,1.57,1.67,0.16,95.34
Hurricane,Periphyton,40.272420472249266,5177.8464289191825,284.2510642648491,34.01087215189874,448.61406815968843,0,59.17321560370009,18838.528103700097,500.3853524829601,0,0,0,4281.357431840312,88.20019094449854,96.9748058909445,187.71974074975657,248.99421786757546,0,0,0,35.99598359298929,103.19411779454724,0,0,2312.7815421129503,0,2473.0159371957157,1482.572035053554,1364.816913583252,141.3230402872444,706.5096102726387,0,148.9255947419669,0,101.57857497565726,0,0,25.98595352969815,0,313.0774167478092,0,0,450.4091158714703,69.75343724440117,0,0,0,0,11.023703980038949,0,13.885221007789678,194.9527266066212,0,0,0,0,0,3-Aug-19,7.2,196.6,44,"35.699393261351936, -93.24437478628576",250,1027,1.078571429,0.4005,26.2,8.78,8.28,48,AR,Boston_Mountains,132.9,0.47,0.03713245031637122,2693.062244694132,3.8997078870496593,10.502156075949367,2.57,0.14,0.02,0,90.5,3.33,1.51,1.57,1.67,0.16,95.34
Lick Branch-Little Mulberry,Periphyton,41.213060823863636,5169.905823863636,319.715825,48.448941732954545,541.8652338068182,0,41.134409943181815,22903.319613636366,1010.899753409091,0,1172.907456534091,0,3059.781380681818,81.141490625,76.33067849431818,196.27326965909091,856.9013315340909,0,0,0,87.06652355113636,377.13096704545455,0,0,2962.1756392045454,0,3316.275005681818,1353.7913710227274,1873.8309857954546,347.1911988636364,940.4547823863636,0,320.59409318181815,0,105.39217846590908,0,0,24.486640465909094,0,507.0884366477273,0,0,1635.4532786931818,97.12072764204545,0,0,0,0,21.117761130681817,9.411888573863637,16.07099636647727,565.7882096590909,0,0,0,0,0,5-Aug-19,8.3,153.8,67.9,"35.70973036828683, -93.66113910920193",300,1056,0.62,0.356,21.9,7.82,7.83,39,AR,Boston_Mountains,4.6,0.08,0.05741935483870968,1741.5730337078653,3.371212121212121,5.871212121212121,3.8,0.09,0.01,0,86.8,1.67,0.26,2.88,2.79,0.09999999999999999,88.73
Lick Branch-Little Mulberry,Periphyton,10.594474088068182,780.8110119318181,150.7595391193182,23.34932217613636,78.20553874999999,0,5.651538380681818,5893.966909090909,163.01318042613636,0,6332.453698863636,0,372.67315625,11.925264471590909,8.192138201704546,27.013316477272724,109.69515014204546,0,0,0,43.65683775568182,10.006852360795454,0,0,443.17048039772726,0,415.4139954545455,160.85280642045456,234.89314409090906,41.513746761363635,109.31492431818182,0,36.62266002840909,0,14.794241142045454,0,0,1.0888284943181818,0,57.65606127840909,0,0,177.79013857954544,10.85371896875,0,0,0,0,0,0.6221877102272727,1.9875440795454546,71.72441676136363,0,0,0,0,0,5-Aug-19,8.3,153.8,67.9,"35.70973036828683, -93.66113910920193",300,1056,0.62,0.356,21.9,7.82,7.83,39,AR,Boston_Mountains,4.6,0.08,0.05741935483870968,1741.5730337078653,3.371212121212121,5.871212121212121,3.8,0.09,0.01,0,86.8,1.67,0.26,2.88,2.79,0.09999999999999999,88.73
Lick Branch-Little Mulberry,Periphyton,18.216143235795453,1263.1022943181817,250.5513080965909,38.24120661931818,126.76721977272726,0,9.933193088068181,8782.434255681817,308.0083244318182,0,9516.808232954545,0,588.4068147727272,19.533164042613635,13.804916911931818,45.92118338068182,168.3723831534091,0,0,0,67.34260616477272,14.868054190340908,0,0,759.1276207386363,0,702.4005196022727,275.3208199147727,375.70002045454544,61.97931661931818,161.56513102272726,0,50.98298625,0,27.48289205965909,0,0,3.7130466164772726,0,81.89330596590908,0,0,246.15594948863634,22.91298852840909,0,0,0,0,1.063137278409091,0,5.521966764204546,165.35751625,0,0,0,0,0,5-Aug-19,8.3,153.8,67.9,"35.70973036828683, -93.66113910920193",300,1056,0.62,0.356,21.9,7.82,7.83,39,AR,Boston_Mountains,4.6,0.08,0.05741935483870968,1741.5730337078653,3.371212121212121,5.871212121212121,3.8,0.09,0.01,0,86.8,1.67,0.26,2.88,2.79,0.09999999999999999,88.73
Lewis Prong-Panther,Periphyton,31.77554751626564,2995.60523639076,642.0651754090471,87.1960846852743,266.9809710442733,0,17.33211682608277,9092.482791626564,539.4602507025986,0,11803.40536900866,0,2971.8169435514915,39.74017562848893,41.12040945524543,99.27124528970162,167.74743705197304,0,0,0,52.599731389797874,38.314688202117416,0,0,1958.5593706737247,0,1936.3247836862365,741.9850553416746,781.7478578055823,76.93106685466795,493.23373021174206,0,65.5648788479307,0,48.17242392107796,0,0,17.188813860346485,0,97.37059542348412,0,0,162.73937544658324,34.03068369201155,0,0,0,0,2.00624154879692,1.3802338481231953,5.06085743599615,96.18646035033686,0,0,0,0,0,4-Aug-19,8.4,111.1,34.7,"35.722200737836616, -93.51254320440228",370,1039,0.5254,0.415,24.6,6.72,7.86,23,AR,Boston_Mountains,86.9,0.31,0.07898743814236772,1266.0240963855422,3.9942252165543786,5.056785370548604,2.52,0.04,0.01,0,93.4,1.07,0.97,1.45,1.66,0.05,95.44
Lewis Prong-Panther,Periphyton,32.87800838700674,3330.784247228104,784.923668585178,103.46511562752647,306.9736938229066,0,23.24242059682387,11159.668301058711,649.1921873435996,0,12748.148579692011,0,3096.6137571029835,52.361929220404235,43.96735551010587,133.26718202887392,148.44301118479305,0,0,0,44.25101588546679,33.79104016544755,0,0,2586.7431278825793,0,2292.9596408373436,894.7445490952839,847.444184263715,77.23539687584216,483.0913187006737,0,63.50446269682387,0,64.77206991241579,0,0,20.49446087699711,0,96.90546984793069,0,0,155.17994469008661,46.89260296631376,0,0,0,0,2.136317071511068,3.820550447834456,7.286525451395573,123.66705177670838,0,0,0,0,0,4-Aug-19,8.4,111.1,34.7,"35.722200737836616, -93.51254320440228",370,1039,0.5254,0.415,24.6,6.72,7.86,23,AR,Boston_Mountains,86.9,0.31,0.07898743814236772,1266.0240963855422,3.9942252165543786,5.056785370548604,2.52,0.04,0.01,0,93.4,1.07,0.97,1.45,1.66,0.05,95.44
Lewis Prong-Panther,Periphyton,56.66467958999037,4497.628760635226,1344.723357016362,176.89145680173243,496.79336488931665,0,31.85787649403272,14711.398842059672,937.8183733012512,0,21097.80188267565,0,5218.835769778633,87.18233995091434,73.54115915399423,212.13828743984598,277.1857201838306,0,0,0,76.35817395380172,60.045097342637156,0,0,3874.5819146294507,0,3846.027629355149,1536.1267084215592,1475.8938097978826,136.71911843118383,900.6593872569778,0,116.34271136381136,0,108.36970582483156,0,0,32.720053752454284,0,184.6083700635226,0,0,314.8142088075072,81.9580579307026,0,0,0,0,3.8157745953801734,13.68386281462945,11.566833508373435,235.7670661568816,0,0,0,0,0,4-Aug-19,8.4,111.1,34.7,"35.722200737836616, -93.51254320440228",370,1039,0.5254,0.415,24.6,6.72,7.86,23,AR,Boston_Mountains,86.9,0.31,0.07898743814236772,1266.0240963855422,3.9942252165543786,5.056785370548604,2.52,0.04,0.01,0,93.4,1.07,0.97,1.45,1.66,0.05,95.44
Little Piney,Periphyton,19.76563336517572,4.854192361980831,362.14069161341854,60.69235580191693,128.2324121373802,0,12.010886639297127,7059.959296166135,303.1627528434505,0,6272.114905111821,0,1012.4828572204473,20.862062851437702,24.380604748562302,72.62350211501598,16.625858022683705,0,0,0,3.7477953313099044,3.378996325239617,0,0,695.2559044408946,0,1052.243377571885,371.43043961341857,112.52356787220448,4.54519859744409,40.01967623194888,0,9.219975222364218,0,33.301553746645375,0,0,3.339126160063898,0,4.963835308945686,0,0,5.442277266134186,23.3639155884984,0,0,0,0,0,0.976818994888179,3.897308443450479,46.93714954313099,0,0,0,0,0,3-Aug-19,10.6,25.6,28.4,"35.649248542128724, -93.3465293909319",390,939,0.84825,0.416,22.61,6.07,6.02,24,AR,Boston_Mountains,9.28,0.09,0.049042145593869726,2039.0625,4.43024494142705,9.033546325878595,3.34,0.14,0.02,0,65.8,18.7,7.51,2.73,2.79,0.16,92.01
Little Piney,Periphyton,44.967946134185304,2978.0978715974443,936.4953726837061,149.94428110543132,307.5576541214058,0,29.079392140894573,11417.942571884985,741.4026963897765,0,12850.375565495207,0,2654.0110688498403,53.421992207667735,65.27750609904153,160.04943753354635,165.48998160063897,0,0,0,41.32287186038339,81.67131791373802,0,0,1798.808070351438,0,2719.8028552396167,1084.7344088178916,1395.5401490734826,62.14671207028754,941.4487041214057,0,52.276139645367415,0,79.54201709584666,0,0,30.288401926198084,0,89.55694891373803,0,0,111.86047276038339,49.876164996805116,0,0,0,0,4.258601639936103,2.625536182428115,10.249515812779553,94.94335819808308,0,0,0,0,0,3-Aug-19,10.6,25.6,28.4,"35.649248542128724, -93.3465293909319",390,939,0.84825,0.416,22.61,6.07,6.02,24,AR,Boston_Mountains,9.28,0.09,0.049042145593869726,2039.0625,4.43024494142705,9.033546325878595,3.34,0.14,0.02,0,65.8,18.7,7.51,2.73,2.79,0.16,92.01
Little Piney,Periphyton,50.60189107667732,3342.2628062939298,1048.2215314376997,166.69787693290738,356.978368230032,0,32.51003619105432,12578.559620447284,807.4280284025559,0,15172.429937699682,0,3231.015674696486,58.17637401277956,79.17161607028756,181.08643185303518,319.4614704472844,0,0,0,96.47343365175719,227.94552104792334,0,0,1961.7614488817892,0,3258.706482939297,1263.5264553035145,2517.750220670927,160.5257102683706,2500.0138824920127,0,154.13628336741215,0,87.931155,0,0,50.46363453993611,0,324.9028525782748,0,0,512.0725717571885,54.85821721405751,0,0,0,0,6.507932516932907,35.186287649520764,10.112477841214059,101.3815405399361,0,0,0,0,0,3-Aug-19,10.6,25.6,28.4,"35.649248542128724, -93.3465293909319",390,939,0.84825,0.416,22.61,6.07,6.02,24,AR,Boston_Mountains,9.28,0.09,0.049042145593869726,2039.0625,4.43024494142705,9.033546325878595,3.34,0.14,0.02,0,65.8,18.7,7.51,2.73,2.79,0.16,92.01
Mill,Periphyton,266.29647894333846,5777.649081929555,2817.9679065849923,619.3568215926493,719.7331516845328,0,101.48988832312403,20812.295782542114,1784.7525542879018,0,36340.769055130164,0,1107.3450151607963,222.75323728943334,120.93032225114854,427.84565209800917,3941.8289645482387,0,0,0,1972.6108371362939,514.3805599540582,0,0,3474.717382848392,0,6728.492361408882,4487.482813476263,6169.309303215926,885.3827162327717,6122.029915007656,0,898.8078554364471,0,365.2054102909648,0,0,74.54594648545176,0,2734.055583996937,0,0,11661.616940275651,384.1983395788668,0,0,0,0,425.5769076646248,246.8248237825421,53.825441209800914,1077.0708062787135,0,0,0,0,0,31-Aug-19,6.1,453,37.9,"36.500356,-91.218754",350,653,1.501,1.196,26.1,8.02,8.6,408,MO,Springfield_Plateau,917,0.21,0.07968021319120587,1255.0167224080267,18.315467075038285,22.986217457886678,2.96,0.52,0.1,0,36.4,0.01,3.17,53.3,1.53,0.62,39.58
Mill,Periphyton,559.4149790199081,15734.306611026033,5526.5960543644715,1316.8831362940275,1407.0162248851454,0,277.587795229709,72398.62026799387,3140.188893261868,0,75182.79271056662,0,1935.1887529862172,355.4635213323124,218.88147865237363,635.3553323124042,4868.661370367534,0,0,0,2067.2549251148544,606.2325751914242,0,0,5761.236997702909,0,11189.221189892804,6728.186253445635,7453.121711332312,807.6956962480857,6457.23402143951,0,768.250949770291,0,591.3947153905053,0,0,81.0091872358346,0,2053.4308320061255,0,0,7843.145465543644,680.1453945635528,0,0,0,0,269.9384635451761,150.95909982388972,103.4042185222052,1829.5726795558955,0,0,0,0,0,31-Aug-19,6.1,453,37.9,"36.500356,-91.218754",350,653,1.501,1.196,26.1,8.02,8.6,408,MO,Springfield_Plateau,917,0.21,0.07968021319120587,1255.0167224080267,18.315467075038285,22.986217457886678,2.96,0.52,0.1,0,36.4,0.01,3.17,53.3,1.53,0.62,39.58
Mill,Periphyton,295.8591867075038,7896.026150842265,3047.862226569678,752.8112341500765,811.4994833843797,0,213.33971693721284,28319.22739969372,1267.058797320061,0,40773.90297243492,0,1070.915472588055,230.7488877565084,138.731748093415,494.2270167304747,3723.74426898928,0,0,0,1758.1715068147012,601.5255398928024,0,0,3481.892199004594,0,7632.3159012251135,3928.611522741194,6075.897342266462,811.0158954058193,6223.0241784073505,0,815.677684762634,0,353.9284432542113,0,0,75.28499212098008,0,2301.7438510719753,0,0,9797.301044410413,409.42501118683003,0,0,0,0,294.6598882848392,214.86785526033688,52.15013843491577,1079.9682413476262,0,0,0,0,0,31-Aug-19,6.1,453,37.9,"36.500356,-91.218754",350,653,1.501,1.196,26.1,8.02,8.6,408,MO,Springfield_Plateau,917,0.21,0.07968021319120587,1255.0167224080267,18.315467075038285,22.986217457886678,2.96,0.52,0.1,0,36.4,0.01,3.17,53.3,1.53,0.62,39.58
Mulberry,Periphyton,25.518215518104014,2480.122527452271,498.8307524160632,59.851073577353525,217.90914223568137,0,17.734082698617513,8358.563394865043,274.79677248189597,0,9686.296584331798,0,914.0795969190257,42.390629063857794,19.562218604081632,168.24672417116523,124.5985239104674,0,0,0,23.52123903673469,83.36649052534561,0,0,2125.900818485846,0,2588.7103062541146,592.7468679657669,1043.0737977353522,78.51086842396313,964.2194261751151,0,71.63498144832127,0,172.06019239236338,0,0,10.671888899802502,0,73.82990896115865,0,0,126.24035296905859,103.42358669387754,0,0,0,0,1.269215374325214,4.45972007399605,18.22313816484529,123.65534552468729,0,0,0,0,0,4-Aug-19,8.4,5,54.8,"35.688254121491525, -93.44995997934139",360,1519,1.1952,0.846,21.6,6.77,8.35,18,AR,Boston_Mountains,10.46,0.7,0.07078313253012047,1412.7659574468087,5.569453587886767,7.868334430546412,4.81,0.39,0.06,0.01,81.7,6.09,3.95,1.7,2.56,0.46,91.74000000000001
Mulberry,Periphyton,17.306965573666886,1961.8141096510863,309.63330059249506,38.80433148387097,152.10652412903227,0,11.998012147465438,6490.217823831468,235.51942026596444,0,6422.069560763661,0,582.0148880579329,26.61711137063858,13.456026611454904,117.35903439894668,88.10970609874919,0,0,0,17.07880300566162,53.11179404081633,0,0,1509.8129312705726,0,1621.3120831599736,345.6774213298222,702.5681982620146,47.034878788676764,625.7942764186964,0,40.43485912574062,0,118.87826321790652,0,0,3.856503905727452,0,45.76050737063858,0,0,39.143792879525996,63.100862591178405,0,0,0,0,0.9404749777485188,0.7401371131007242,8.703567254772876,79.36718426069783,0,0,0,0,0,4-Aug-19,8.4,5,54.8,"35.688254121491525, -93.44995997934139",360,1519,1.1952,0.846,21.6,6.77,8.35,18,AR,Boston_Mountains,10.46,0.7,0.07078313253012047,1412.7659574468087,5.569453587886767,7.868334430546412,4.81,0.39,0.06,0.01,81.7,6.09,3.95,1.7,2.56,0.46,91.74000000000001
Mulberry,Periphyton,18.53286641158657,2115.2317617906515,334.23129598420013,41.54363748782093,159.7836942462146,0,11.723744898485846,7163.687909150757,220.06318007636602,0,7134.138658854509,0,690.5507180776826,28.294452545095456,14.319453370111916,118.38152903225806,92.95957850954575,0,0,0,18.440601890717577,62.30315428044766,0,0,1611.0615235023042,0,1816.1778513495722,399.56687763001975,782.9321055167874,59.9473335720869,699.8140757340356,0,50.80084423963134,0,120.7619536194865,0,0,10.395135823568138,0,57.19785089664253,0,0,97.8249941514154,68.39876351020408,0,0,0,0,1.9498568373930216,2.288160073469388,12.357294595655036,85.19090601448322,0,0,0,0,0,4-Aug-19,8.4,5,54.8,"35.688254121491525, -93.44995997934139",360,1519,1.1952,0.846,21.6,6.77,8.35,18,AR,Boston_Mountains,10.46,0.7,0.07078313253012047,1412.7659574468087,5.569453587886767,7.868334430546412,4.81,0.39,0.06,0.01,81.7,6.09,3.95,1.7,2.56,0.46,91.74000000000001
Perry,Periphyton,43.73371697193639,7202.962986155286,332.3823421889617,44.16023875116932,691.1328708512629,0,67.00962064733396,40783.05441159963,87.86348988587466,0,80.32319383723106,0,1926.23336,111.017530212348,64.1458314546305,289.27317488026193,2731.826401337699,0,0,0,543.7086586810103,884.5909709073901,0,0,3968.5568139382603,0,3455.984245837231,3827.6522906454634,5962.607138634238,932.9707288400375,5179.58928587465,0,945.1265999251638,0,171.09617167165575,0,0,70.14760243311507,0,1398.686830869972,0,0,9751.55257698784,158.4071482609916,0,0,0,0,270.20155743872783,107.43779369971936,17.9596141738073,575.9567531898972,0,0,0,0,0,31-Jul-19,7.7,68.4,51.3,"36.18335136188263, -92.38135372536217",310,1069,1.63525,1.035,26.3,NA,NA,NA,AR,Springfield_Plateau,46.8,0.18,0.06329307445344748,1579.9516908212563,9.681945743685688,15.297006548175867,3.13,0.72,0.07,0,52.7,8.58,26.7,7.49,6.34,0.79,87.98
Perry,Periphyton,27.144427549204867,4044.1523757717496,195.55894398596823,26.70109812385407,343.9223035921422,0,47.01825249017774,23435.913550888683,181.54973404396634,0,306.83463030869973,0,1034.6675523573433,62.30678446772686,40.127646524789526,146.69137446117867,1460.8337981290929,0,0,0,324.68180647333963,458.73195891487376,0,0,2187.10873354537,0,1974.3612743966326,2215.735148222638,3417.081899251637,481.55709130028066,3022.050044714687,0,480.0751042563144,0,91.40186149485501,0,0,35.64368600467727,0,723.6782918989711,0,0,4684.674732460244,89.57787757904585,0,0,0,0,129.30019431898972,47.82891200187091,10.715905602525725,333.649727455566,0,0,0,0,0,31-Jul-19,7.7,68.4,51.3,"36.18335136188263, -92.38135372536217",310,1069,1.63525,1.035,26.3,NA,NA,NA,AR,Springfield_Plateau,46.8,0.18,0.06329307445344748,1579.9516908212563,9.681945743685688,15.297006548175867,3.13,0.72,0.07,0,52.7,8.58,26.7,7.49,6.34,0.79,87.98
Perry,Periphyton,65.97894189803556,9929.676805144996,502.4736285032741,64.02156663517307,903.9554900654819,0,111.85629950327409,54748.18235360151,183.75135320299347,0,444.4341525444341,0,2700.276169317119,156.15016252198316,90.56709424883068,376.38787049579054,4025.067343217961,0,0,0,855.9887991580916,1356.593024424696,0,0,5083.171635921422,0,4968.2583101029,5548.301183442471,8690.59227661366,1355.2954386623012,7598.530824602433,0,1376.5406579326475,0,230.02458446211412,0,0,94.96569039663237,0,1994.6973645837234,0,0,13746.27268624883,223.38270431431246,0,0,0,0,358.57355636108514,163.51781101590274,24.456194465201126,840.9895866136576,0,0,0,0,0,31-Jul-19,7.7,68.4,51.3,"36.18335136188263, -92.38135372536217",310,1069,1.63525,1.035,26.3,NA,NA,NA,AR,Springfield_Plateau,46.8,0.18,0.06329307445344748,1579.9516908212563,9.681945743685688,15.297006548175867,3.13,0.72,0.07,0,52.7,8.58,26.7,7.49,6.34,0.79,87.98
Roasting Ear,Periphyton,115.74469586206897,9542.268893642242,492.64543090732764,64.35235431681035,383.52212335668105,0,40.71800375829742,30880.57646508621,1869.9177696767244,0,51816.18111314656,0,1173.3759924892242,111.00840031465518,50.82681374137932,335.8999673394397,2398.097199299569,0,0,0,666.286038211207,705.1189495043104,0,0,2836.5462132543107,0,3822.968130474138,2424.1350433081902,3055.876756637931,325.0135566336207,4533.341776206897,0,171.11929589978448,0,271.9246315754311,0,0,52.004996674568964,0,266.50498985991385,0,0,1735.7227284913795,88.57579634698276,0,0,0,0,5.513896341056035,31.386794563793107,1.7908381283405173,258.30483634913793,0,0,0,0,0,2-Aug-19,7.9,239.3,1,"35.95118053156019, -92.28777778037545",470,928,1.890444444,2.37,20.2,7.85,7.23,289,AR,Springfield_Plateau,190,0.1,0.12536734456926468,797.6558835443037,25.538793103448278,20.371168577586207,3.09,0.58,0.09,0,73.7,3.83,5.1,11.3,3.57,0.6699999999999999,82.63
Roasting Ear,Periphyton,253.73401392456898,14502.93921487069,1157.687913135776,168.07348612176725,786.5942694719828,0,281.3618874321121,48352.238033189664,1706.174155161638,0,2918.200024331897,0,2660.8654440301725,231.82468658405173,99.82746122198277,651.490673211207,6195.232940086208,0,0,0,1606.7702901508624,1508.2136168534485,0,0,5966.844087715518,0,9291.155024676724,6134.399847413793,9195.963589870691,1034.139074924569,15740.310245797415,0,619.4621079094828,0,584.2095061961207,0,0,135.40952660452587,0,1096.3135572198278,0,0,7768.350881788793,218.88147499568967,0,0,0,0,168.6618139396552,148.11740711637933,15.20239037359914,0.3294635678879311,0,0,0,0,0,2-Aug-19,7.9,239.3,1,"35.95118053156019, -92.28777778037545",470,928,1.890444444,2.37,20.2,7.85,7.23,289,AR,Springfield_Plateau,190,0.1,0.12536734456926468,797.6558835443037,25.538793103448278,20.371168577586207,3.09,0.58,0.09,0,73.7,3.83,5.1,11.3,3.57,0.6699999999999999,82.63
Roasting Ear,Periphyton,155.73995681142245,9533.418844288795,727.3270704310346,109.23268900969829,408.080717018319,0,56.352372185344834,30650.208269504314,1810.836767112069,0,57754.32875323277,0,1404.6748174461209,137.07765926508623,76.5908000948276,358.92372272090523,3837.078020732759,0,0,0,1255.7876015840518,1226.5720830172415,0,0,3657.444841206897,0,5087.863119073276,3635.219118071121,5713.289936206897,686.5532622306035,11344.826674568967,0,464.52445907758624,0,355.68009207004314,0,0,75.6085739375,0,819.9532837284482,0,0,6363.683568642242,126.02190406465519,0,0,0,0,126.34169859806036,187.4453044299569,11.626816960560346,378.1570820172414,0,0,0,0,0,2-Aug-19,7.9,239.3,1,"35.95118053156019, -92.28777778037545",470,928,1.890444444,2.37,20.2,7.85,7.23,289,AR,Springfield_Plateau,190,0.1,0.12536734456926468,797.6558835443037,25.538793103448278,20.371168577586207,3.09,0.58,0.09,0,73.7,3.83,5.1,11.3,3.57,0.6699999999999999,82.63
North Sylamore,Periphyton,130.42924897946176,10197.57920226629,573.454935509915,98.331002388102,741.4887744050992,0,144.15293624787537,40840.25946883853,13.916469521813033,0,221.42247655028328,0,4749.215117422096,143.14082937747878,99.3069626111898,401.21603347733713,1772.946168186969,0,0,0,69.01604971104817,136.09222793201135,0,0,3281.2625362606236,0,6153.6097963172815,4226.88362634561,4405.978349150142,158.88873038668555,2152.7995171954676,0,87.65568465934845,0,270.0156553958924,0,0,54.96704239589236,0,159.0815126345609,0,0,715.3908756586403,201.04780126062326,0,0,0,0,22.025373407932012,15.133407549220966,29.086023754249297,554.7671049858358,0,0,0,0,0,1-Aug-19,8.4,68.4,22.5,"36.019699141520185, -92.25059490820905",390,1412,1.5132,0.312,23.6,8.6,10.34,248,AR,Springfield_Plateau,350,NA,0.020618556701030927,4850,2.2096317280453257,10.716713881019832,2.69,0.23,0,0,79.8,6.45,9.58,0.61,4.68,0.23,95.83
North Sylamore,Periphyton,132.62860042351275,11951.773410339945,587.9181703045326,105.44665345113314,772.530233604816,0,89.21790522875354,47900.83115226629,25.670051696388104,0,686.7864706657224,0,5721.172562252125,145.8335581104816,135.47546707223796,397.41936552407935,4497.647183498584,0,0,0,548.2550451841361,892.3720603045326,0,0,3175.67169072238,0,7462.264725849859,5066.570159915015,10583.765529815864,1084.7848599645893,8146.445589943343,0,869.1306914235129,0,274.4250764617564,0,0,95.45849423371105,0,1998.3395382577905,0,0,12052.089271104816,219.93251057932014,0,0,0,0,422.8803252195468,223.4709888930595,30.76867726274788,615.6952248229462,0,0,0,0,0,1-Aug-19,8.4,68.4,22.5,"36.019699141520185, -92.25059490820905",390,1412,1.5132,0.312,23.6,8.6,10.34,248,AR,Springfield_Plateau,350,NA,0.020618556701030927,4850,2.2096317280453257,10.716713881019832,2.69,0.23,0,0,79.8,6.45,9.58,0.61,4.68,0.23,95.83
North Sylamore,Periphyton,13.827611325212466,1846.7828701274789,54.56509077407932,9.278378601416431,78.8533671756374,0,4.7162949412181305,10519.17540084986,83.839531842068,0,11832.605711898017,0,456.2340681798867,0.2955716173512748,10.010882175212465,42.896437355524085,194.8330996933428,0,0,0,13.390679368767708,14.662922417847026,0,0,376.2112652337111,0,574.9124980878188,413.6203513810199,568.6155373725213,20.600056645963175,381.68576566572244,0,18.081272428895186,0,28.850360067280455,0,0,4.266512042847026,0,31.664715907223798,0,0,156.84572138031163,23.016033346954675,0,0,0,0,7.196526340793202,0.5525904144475922,3.50830659072238,69.89626206161473,0,0,0,0,0,1-Aug-19,8.4,68.4,22.5,"36.019699141520185, -92.25059490820905",390,1412,1.5132,0.312,23.6,8.6,10.34,248,AR,Springfield_Plateau,350,NA,0.020618556701030927,4850,2.2096317280453257,10.716713881019832,2.69,0.23,0,0,79.8,6.45,9.58,0.61,4.68,0.23,95.83
Cove,Periphyton,42.28512647408536,9773.039636280486,280.81464322408533,35.001197159298776,697.0336983689023,0,35.001197159298776,47285.42892835365,814.0749416006097,0,65772.23319359755,0,2487.3085130335357,84.18688822179877,54.09275924618902,259.6529115396341,890.211170922256,0,0,0,18.631524443978655,71.38250723628047,0,0,6006.174761737804,0,3651.357089862804,1476.567480442073,1055.824721707317,86.103711721036575,401.9962248551829,0,56.08625567301828,0,182.1749056867378,0,0,15.986308011051827,0,81.54167178887194,0,0,277.4410336585365,107.4954620114329,0,0,0,0,2.951908194131097,1.8401505628048778,15.219578609146339,361.1295479725609,0,0,0,0,0,5-Aug-19,7.4,367.5,34.7,"35.70117803375184, -93.8362206950113",290,1312,0.657333333,0.258,26.4,7.94,8.34,84,AR,Boston_Mountains,8.7,0.06,0.039249492920511914,2547.80361627907,1.9664634146341462,5.0101625990853655,1.87,0.04,0.01,0,92.7,3.95,0.76,0.55,2.37,0.05,97.41000000000001
Cove,Periphyton,44.02313862576219,10549.83072301829,300.1260007317073,38.83220164329268,745.6481498628048,0,37.63429311737804,54680.43173551829,1031.5988995350608,0,71439.072310975607,0,2870.388500076219,87.29758442835364,62.540808064024375,268.7807274085365,1286.9031558612803,0,0,0,36.9355131402439,154.8795909146341,0,0,6217.9438997713405,0,4011.745768292682,1613.183492911585,1634.3964564557923,178.28872019283534,832.9457342911585,0,135.86279292759144,0,220.1656060411585,0,0,17.669150881021338,0,186.87373134679876,0,0,609.1364896493901,112.6034022317073,0,0,0,0,16.27159092454268,1.7469499450457315,14.97385667782012,364.4137586280487,0,0,0,0,0,5-Aug-19,7.4,367.5,34.7,"35.70117803375184, -93.8362206950113",290,1312,0.657333333,0.258,26.4,7.94,8.34,84,AR,Boston_Mountains,8.7,0.06,0.039249492920511914,2547.80361627907,1.9664634146341462,5.0101625990853655,1.87,0.04,0.01,0,92.7,3.95,0.76,0.55,2.37,0.05,97.41000000000001
Cove,Periphyton,38.079433878048775,7892.791038719511,260.9996003658536,33.3895973117378,561.4040232012194,0,33.23666786737804,44387.31503353658,804.0011125762194,0,49753.50761432926,0,2274.9785477134146,80.08405705640241,52.40382601371951,216.65005887118897,841.4688287652438,0,0,0,24.774571445121946,92.87915466006095,0,0,5546.292483231707,0,3058.4361376524384,1321.310476852134,1055.7229927134144,87.7305297164634,464.54870276676826,0,61.2737342949695,0,197.12606533993898,0,0,13.865603767225608,0,83.70338744588413,0,0,234.69573434451218,99.4041446692073,0,0,0,0,4.383977662118902,5.148624928124999,19.218134633689022,330.73543110518284,0,0,0,0,0,5-Aug-19,7.4,367.5,34.7,"35.70117803375184, -93.8362206950113",290,1312,0.657333333,0.258,26.4,7.94,8.34,84,AR,Boston_Mountains,8.7,0.06,0.039249492920511914,2547.80361627907,1.9664634146341462,5.0101625990853655,1.87,0.04,0.01,0,92.7,3.95,0.76,0.55,2.37,0.05,97.41000000000001
East Livingstone,Periphyton,48.639527225978654,10041.863418683273,392.0700353380783,66.42807228736656,454.0345611298933,0,51.462063886121,48514.08844483986,1580.7518146441282,0,71183.06196619217,0,5723.1197559608545,132.33102144128114,111.916860886121,226.06549496797157,1349.6320097508897,0,0,0,912.7295899911034,426.66251938612106,0,0,3551.407531761566,0,5030.941867793595,5482.350813256228,11182.233873042705,552.1669405782918,11664.493803202848,0,528.0112781049822,0,116.38040724288257,0,0,117.69321500711744,0,958.0214572153025,0,0,4388.059913701068,101.4800392766904,0,0,0,0,295.64430584786476,109.68508772508898,9.05837349341637,237.88076474199292,0,0,0,0,0,1-Aug-19,6.8,68.4,45.1,"35.99504257987518, -92.1222211645147",390,1124,2.60325,0.572,25,NA,NA,NA,AR,Springfield_Plateau,8.3,0.14,0.02197253433208489,4551.136363636364,5.0889679715302485,23.1605871886121,1.62,0.89,0.09,0,48.9,13.2,29.9,0.27,1.93,0.98,92
East Livingstone,Periphyton,186.42124782651248,4882.540323843417,1136.433620177936,241.0596371156584,934.3052379982207,0,253.28876326601423,40516.59834341638,810.0169263256228,0,14901.089240658366,0,1523.9735060765126,577.6859684519574,216.48919100978648,2131.2337647330965,1085.1834842348756,0,0,0,56.07447018950178,403.7855506761566,0,0,39296.91688879004,0,19732.356986209965,16106.095720462634,11312.255830782919,249.2273470542705,2754.4928618861213,0,271.9802533291815,0,1076.9933353825622,0,0,65.92508737900356,0,1230.1827743594306,0,0,6045.249735320285,473.0764526957296,0,0,0,0,5.475058312900356,7.943322307473311,24.727517464323846,99.98713051868329,0,0,0,0,0,1-Aug-19,6.8,68.4,45.1,"35.99504257987518, -92.1222211645147",390,1124,2.60325,0.572,25,NA,NA,NA,AR,Springfield_Plateau,8.3,0.14,0.02197253433208489,4551.136363636364,5.0889679715302485,23.1605871886121,1.62,0.89,0.09,0,48.9,13.2,29.9,0.27,1.93,0.98,92
East Livingstone,Periphyton,53.774366842526696,10233.649933185054,418.1558973309609,68.15432810765125,479.48810439501784,0,46.617827946619215,48460.068205516014,1754.555926708185,0,74271.02856672599,0,6150.744183629893,130.48978817348754,120.2566064172598,238.77424079359434,1564.4729037544487,0,0,0,1106.7888336565836,542.3586328024911,0,0,3365.7135417437726,0,5497.559522508897,5909.160831405695,12559.591949466194,695.3212905960854,13511.946686209965,0,721.4058715569396,0,125.2059884386121,0,0,129.01835026868326,0,1219.353833113879,0,0,5669.517104626335,112.29746507829182,0,0,0,0,352.6100272153025,142.12752429181495,13.978660033185054,267.0659785596086,0,0,0,0,0,1-Aug-19,6.8,68.4,45.1,"35.99504257987518, -92.1222211645147",390,1124,2.60325,0.572,25,NA,NA,NA,AR,Springfield_Plateau,8.3,0.14,0.02197253433208489,4551.136363636364,5.0889679715302485,23.1605871886121,1.62,0.89,0.09,0,48.9,13.2,29.9,0.27,1.93,0.98,92
Spring,Periphyton,24.774018481848188,4753.346438723873,187.4172864158416,47.34408802420242,606.8614180638065,0,50.078617256325636,29427.90150715072,537.6819100550056,0,31637.48276127613,0,216.47676113531355,52.24175229922993,62.20033633883389,126.23729678987901,886.7221176677668,0,0,0,73.62821966336634,530.1313442684269,0,0,2788.6075991199127,0,2738.3249122112215,1936.4140143454347,3462.077250385039,224.27221010781082,1405.3031371397142,0,82.89296792079209,0,75.26077441364137,0,0,48.201179271727185,0,701.8761049944995,0,0,1401.9155858525855,85.0561029878988,0,0,0,0,19.100890687128715,2.244762794939494,17.06019723718372,316.1850431243125,0,0,0,0,0,2-Aug-19,7.2,25.6,96,"36.04519944804692, -92.43342848020193",220,909,0.842285714,0.772,24.4,8.47,8.55,301,AR,Springfield_Plateau,0.4,0.1,0.09165535959689802,1091.043670984456,8.492849284928493,9.266069460946095,3.11,0.46,0.05,0,62.6,4.89,17.7,9.96,4.7,0.51,85.19
Spring,Periphyton,8.042027934873488,1867.572502816282,85.19523343234324,16.963652674367438,303.64938286028604,0,26.136590781078112,18213.873877887792,213.99333707150717,0,16510.785977997803,0,89.53038912211223,29.02669457425743,29.2780079559956,66.72370052805282,413.53615522552263,0,0,0,30.408918125412544,187.2912912057206,0,0,1498.5816431243127,0,1317.4475295049508,1017.6306754015403,1669.2234233223323,106.55687012981299,642.1056678327833,0,15.832742497689772,0,38.3252893839384,0,0,21.864263448844884,0,345.99568618261833,0,0,595.5498656325633,36.50326741474148,0,0,0,0,6.97394609878988,10.555161665126514,10.994960066226625,188.359373029703,0,0,0,0,0,2-Aug-19,7.2,25.6,96,"36.04519944804692, -92.43342848020193",220,909,0.842285714,0.772,24.4,8.47,8.55,301,AR,Springfield_Plateau,0.4,0.1,0.09165535959689802,1091.043670984456,8.492849284928493,9.266069460946095,3.11,0.46,0.05,0,62.6,4.89,17.7,9.96,4.7,0.51,85.19
Spring,Periphyton,4.630155783278328,911.5447288008802,44.83457779317932,9.260311566556656,158.47968855005502,0,13.202820453245325,9083.402942354236,106.35605364576459,0,7723.008161496151,0,52.71959556655666,14.669800502530254,15.449133655225523,35.482579955995604,215.0042636215622,0,0,0,23.379994551815184,123.31801046864688,0,0,787.2640125632564,0,623.283148888889,479.15235881188124,764.6175080748076,50.335752965896596,330.07051133113316,0,1.6045094310231025,0,19.850073805500553,0,0,18.56646626116612,0,161.6428642816282,0,0,331.0332170517052,24.480229586358636,0,0,0,0,9.122782187238725,1.0543919113311333,6.051292706930694,79.95041273927394,0,0,0,0,0,2-Aug-19,7.2,25.6,96,"36.04519944804692, -92.43342848020193",220,909,0.842285714,0.772,24.4,8.47,8.55,301,AR,Springfield_Plateau,0.4,0.1,0.09165535959689802,1091.043670984456,8.492849284928493,9.266069460946095,3.11,0.46,0.05,0,62.6,4.89,17.7,9.96,4.7,0.51,85.19
