,,Rerun,,,,,,,,,Rerun,Rerun,Rerun,,Rerun,,,,,,,,,,,,,,,,,,Rerun,Rerun,Rerun,,,,Rerun,Rerun,Rerun,,,,Rerun,Rerun,Rerun,Rerun,Rerun,Rerun,Rerun,Rerun,Rerun,Rerun,Rerun,Rerun
FA_id,CapFork Alg1,CapFork Alg1,CapFork Alg2,CapFork Alg3,Diles Alg1,Diles Alg2,Diles Alg3,Hurricane Alg1,Hurricane Alg2,Hurricane Alg3,Hurricane Alg1,Hurricane Alg2,Hurricane Alg3,LickB Alg1,LickB Alg1,LickB Alg2,LickB Alg3,LewisP Alg1,LewisP Alg2,LewisP Alg3,LPiney Alg1,LPiney Alg2,LPiney Alg3,MillC Alg1,MillC Alg2,MillC Alg3,Mulberry Alg1,Mulberry Alg2,Mulberry Alg3,Perry Alg1,Perry Alg2,Perry Alg3,Perry Alg1,Perry Alg2,Perry Alg3,RoastEar Alg1,RoastEar Alg2,RoastEar Alg3,RoastEar Alg1,RoastEar Alg2,RoastEar Alg3,Sylamore Alg1,Sylamore Alg2,Sylamore Alg3,Sylamore Alg1,Sylamore Alg2,Sylamore Alg3,Cove Alg1,Cove Alg2,Cove Agl3,ELivingston Alg1,ELivingston Alg2,ELivingston Alg3,Spring Alg1,Spring Alg2,Spring Alg3
i-14:0,12.28932312,5.82553486,2.187954263,5.724918742,10.47852671,26.12511246,17.47319868,25.9989224,21.50462396,32.57266404,13.0290338,10.76725577,16.54391033,27.59020912,14.50699741,3.729254879,6.412082419,8.922917262,9.232500193,15.91205462,4.758956341,10.8268978,12.18337839,49.6833145,104.3708518,55.19887112,10.76726927,7.302577974,7.819840022,28.27462496,17.80593465,41.57874804,15.08107853,9.360449371,22.75209319,44.55384641,96.17931533,59.12934557,22.8534208,50.09897126,30.75035743,60.83624087,80.79922923,9.822501713,47.22207681,48.01835482,5.006304408,19.13037446,19.91667513,17.22766112,14.01816118,53.72755963,15.49804829,10.236174,3.322819724,1.913096185
FA14:0,1031.121178,1058.486043,253.4804957,690.3952345,543.5653352,1067.77711,821.8894627,1496.92328,1328.530945,1494.259081,2071.280076,1779.022625,2127.059313,1344.995751,1819.80685,274.8454762,444.6120076,841.1983353,935.3202251,1262.982779,1.168740161,717.0343337,804.7140449,1077.944243,2935.572062,1473.172879,1046.473922,827.7765646,892.5102906,2302.57174,1142.366559,2993.071336,2483.860462,1394.580287,3424.136937,1359.669042,1954.914761,1356.837191,1884.090539,2863.559062,1882.343125,3885.358112,4008.162371,702.8944486,3692.046624,4327.154886,668.6301058,4421.457932,4772.888934,3570.807532,2894.116534,1407.17316,2949.390391,1963.996324,771.6470023,376.6337084
i-15:0,214.0558648,58.16307084,43.84900118,101.7218255,102.9521961,245.5355602,166.1692997,280.9192468,222.9903556,405.3026396,77.63918188,61.63518183,116.7703372,396.7315385,112.5399704,53.06735777,88.19406045,180.2988425,220.4150518,377.6128562,87.19233575,225.4792705,252.3794918,525.752298,1031.104921,568.6440097,210.4788647,130.648051,141.0270385,328.5303471,245.1878386,604.4202781,114.618298,67.43629391,173.2723577,345.4148135,812.4863435,510.6815721,97.27126806,228.5817837,143.6084088,456.5040059,556.9422556,72.77757951,207.6200946,212.8565273,19.75536107,127.0444179,135.7811424,118.0798192,112.9965948,327.5259972,120.514674,77.43741516,35.20112145,18.52483237
a-15:0,22.82996017,6.493545572,4.758051222,10.41311729,22.43864338,53.60088909,36.7121054,34.04163805,29.34611482,47.6909915,9.696617649,9.493654829,13.97166628,56.45920123,17.05402749,8.218961406,13.46090473,24.48560324,29.05412301,49.67303341,14.61285182,36.10196922,40.1357196,115.554287,245.692768,140.4530674,25.25382799,16.37327209,17.52910704,12.58471381,31.26400032,45.64667532,15.22815975,9.207572224,22.07711443,48.16953273,110.4912755,73.38959513,12.70616698,33.18557343,21.56764583,41.21236351,61.23309518,13.2169975,35.60086548,38.17709607,3.359248868,15.83502437,17.56822364,15.10591437,19.14491109,69.47462362,19.64242687,19.56171637,7.009072855,3.82619237
FA15:0,55.67459301,51.94635854,10.79740443,28.83242107,35.83641489,77.12591549,54.2739218,145.36087,111.982647,191.9835448,141.7448816,106.4192532,184.2906592,196.1719414,190.7365623,27.52834964,44.62206136,74.97114295,86.20153186,139.5049476,30.87441923,74.0504198,85.94940712,134.2816423,262.5090271,151.4026179,91.94555196,64.18050282,67.4198421,244.1560935,123.9152531,320.2571282,238.3293674,118.5977234,311.7188448,78.04794642,159.6344308,84.19789238,75.72521925,155.3105281,80.57423519,305.1826904,304.9970672,30.68172961,268.4569614,279.6955615,28.54896268,315.3476594,337.3415078,253.9869236,130.8550889,269.2715609,138.1909306,250.7441041,125.4624041,65.48092586
15:1w7,0,0,0,0,0,0,0,0,0,0,0,0,0,0,0,0,0,0,0,0,0,0,0,0,0,0,0,0,0,0,0,0,0,0,0,0,0,0,0,0,0,0,0,0,0,0,0,0,0,0,0,0,0,0,0,0
i-16:0,5.071383655,5.570768012,1.153921084,2.600258576,5.391815863,12.90609087,9.404555394,35.0891798,19.37515306,26.40398193,8.539953326,7.768458334,24.30835697,22.10408506,14.4793123,1.98934151,3.496483967,4.867045779,6.526722973,8.946036129,2.891851937,7.001422877,7.827416406,18.93511345,51.78995151,39.80309576,7.482797672,5.06249457,4.946769028,13.80243826,16.50927105,22.88927663,23.10751112,16.21371352,38.57238199,27.60974776,38.83560086,45.79701766,8.039639891,55.55400671,11.12659604,35.49420107,12.79124824,2.139250216,52.19075538,32.30145697,1.70754063,15.83502437,17.0262733,15.03672698,14.83163072,72.99912049,13.43549708,20.69157413,10.7991641,5.45516536
FA16:0,2885.316471,3251.972437,1217.596547,2304.227837,1603.86385,2468.096024,1957.377093,5105.882652,4554.968571,5354.325055,7563.035658,6824.106069,7738.867345,5636.7904,8061.968504,2074.676352,3091.416858,2553.267465,3133.755504,4131.119837,1699.820969,2749.08925,3028.530124,3882.979756,13507.51401,5283.558712,3526.849388,2738.511354,3022.678315,9706.310623,5768.661002,13218.66039,14063.57586,8081.610189,18879.29256,4186.462237,7035.908104,4281.311072,6097.271268,9546.995084,6051.785803,10235.39769,11613.16957,2626.818773,14786.2683,17342.55733,3808.48094,21392.58026,24738.18153,20081.43356,13982.00908,11677.09142,13966.44017,12159.07385,7525.641525,3753.096943
16:1w9,73.37882634,78.6286723,21.39999101,50.53104723,57.44029095,109.04945,86.12091445,143.8924616,93.63141261,128.8000599,155.9509615,129.3237737,205.5583028,149.7088023,355.8367132,57.38063951,108.4189302,151.4862704,182.3001845,263.3495378,72.9922628,178.5069569,194.4038253,332.9838337,585.8695278,236.3969699,115.9489715,99.37611094,92.85443626,1227.178205,2093.371621,9451.88484,30.29873248,62.60537603,63.36457954,241.0040515,234.1217286,279.9223311,369.2092958,336.8786417,357.5439404,6613.226481,7986.732908,22.1042182,5.038475632,9.293875127,30.35420999,368.2987322,466.7095711,363.741193,455.5807794,233.4510321,505.6720158,222.1603892,88.41815609,43.94438762
16:1w8,0,0,0,0,0,0,0,0,0,0,0,0,0,0,0,0,0,0,0,0,0,0,0,0,0,0,0,0,0,0,0,0,0,0,0,0,0,0,0,0,0,0,0,0,0,0,0,0,0,0,0,0,0,0,0,0
16:1w7,4941.369526,4961.359693,1131.959118,2430.881695,654.1671243,1404.936942,923.9150422,9089.378667,8369.886529,10261.27504,10508.19346,9833.33587,0,13231.10738,412.8634247,2229.023702,3349.916498,3314.523832,3579.817939,5924.490853,1510.132281,3093.97504,3653.054285,6780.149198,14026.96104,7607.245326,4087.079031,2709.756573,3010.210173,28269.6721,16347.68742,39824.96416,27.69854652,105.808458,153.2580997,9136.84351,18509.8973,10178.59454,10230.93959,576.1892814,11403.40789,27536.49973,33540.4267,3990.401063,80.16629151,248.6519222,4284.010068,29756.2655,32320.02168,22509.1731,20515.3235,4294.570335,21405.29131,13072.03265,6821.95657,3191.006554
16:1w6,0,0,0,0,0,0,0,0,0,0,0,0,0,0,0,0,0,0,0,0,0,0,0,0,0,0,0,0,0,0,0,0,0,0,0,0,0,0,0,0,0,0,0,0,0,0,0,0,0,0,0,0,0,0,0,0
16:1w5,300.2926769,294.2476855,65.85592471,146.6004519,237.8452263,674.6510017,458.6077713,1133.941971,979.1880955,1691.606345,1192.174427,1004.231806,1758.781633,1001.886049,1077.043046,131.180951,207.1191988,834.5183255,869.5626199,1465.505504,243.7747187,639.0042035,777.9291586,206.5989414,361.0509302,199.8022296,385.6908077,245.5779486,291.3740391,28289.37582,16121.63376,39901.95382,664.2398264,356.7934237,931.15975,8816.457003,18651.48738,9802.995742,231.6793449,525.3793898,277.3485597,26764.44684,33606.10022,161.3975067,1719.459422,2071.357861,165.1801293,1125.292679,1298.603349,1029.231674,1649.432463,439.2169797,1772.676016,89.44426176,36.99232896,21.78277835
i-17:0,21.10456405,20.0002006,4.263513615,6.838970046,9.24590244,20.30368085,13.99938411,24.86350739,18.64045062,39.45125022,19.44418967,16.1102908,36.23263844,30.62654148,28.5618047,4.197693094,6.875673743,11.15947094,14.7037958,24.48174357,5.022942825,12.86237197,14.00708082,41.5593897,66.31933698,43.05114963,17.88649043,11.23094227,11.93868706,35.6395161,18.59537977,53.11637721,38.28314187,21.48579116,53.84662056,19.25655317,47.77639541,26.63114172,21.91825436,45.7730445,27.06554634,47.3121406,52.32869032,5.265057819,51.82432079,52.79922668,0.107012083,38.08730943,39.4946313,36.23113202,38.138479,166.4920586,37.60782613,21.5853422,11.99330244,6.061294844
a-17:0,9.812826544,10.90682956,2.0156154,4.618117229,7.82533348,19.64560597,13.31259679,19.32980453,15.96753315,35.76824362,21.15625669,17.38389174,39.83725026,21.5755767,26.86839883,2.883632647,4.859330753,11.54705552,12.34650875,20.65115253,5.870099451,15.71681493,19.0620891,22.56214298,40.83703016,25.88338043,8.254169461,5.677695673,6.042013797,3.852224455,3.254487502,2.952037007,22.11996575,13.83756585,31.23103992,0.74857635,3.759147035,0.584402119,10.03559216,19.71061362,15.12260904,3.727305033,1.182542655,3.613958659,35.95421313,49.04906654,3.624452726,24.47231039,28.2943242,23.7082137,32.25501324,62.39329505,34.65857067,25.70004806,12.09714056,6.383301133
FA17:0,23.47819674,23.00925787,4.997827032,12.46239171,14.26915144,28.78962543,21.72906462,59.81856484,44.27107022,76.79301341,59.63190559,43.61195257,77.1152695,64.32050405,69.08819092,9.5086874,16.16425655,27.87643888,37.42286544,59.5707245,17.48550474,38.53497996,43.6000409,79.82377452,118.539152,92.20864055,70.99077056,49.51899257,49.9504285,97.31023404,48.3041732,111.5619759,99.75258837,50.58486429,129.7931076,67.18629125,127.8266066,69.98791398,66.32237653,128.6347542,70.86834355,144.0625606,135.031295,15.84029666,145.2607793,143.8861908,15.53071014,117.4705586,121.6001084,98.01547491,65.15323496,614.2325004,68.81596068,52.15895581,27.5690199,14.6607569
16:2w7,132.4556909,119.5759235,20.63570562,61.27523834,14.2178938,34.93319159,22.32058789,17.25322067,19.05561581,105.1729961,15.09778145,17.20629798,102.2868247,301.7720575,301.6292687,38.61269285,59.26707887,47.10529381,41.68440233,77.83674683,4.002995047,39.84489557,76.9164925,735.4326611,908.3531071,694.7442879,52.57365495,37.17740099,39.22377771,921.0118353,493.373595,1341.590921,942.0394913,503.752042,1387.999029,477.4415787,1204.012878,734.7966427,473.4966385,1223.228972,757.6188092,615.4434806,1569.123387,73.00114449,641.8974332,1628.378929,70.53957353,402.7438125,582.2127381,380.6921046,388.9708664,312.7554452,450.8891138,366.3774568,170.8656205,88.83585256
16:2w6,0,0,0,0,0,0,0,0,0,0,0,0,0,0,0,0,0,0,0,0,0,0,0,0,0,0,0,0,0,0,0,0,0,0,0,0,0,0,0,0,0,0,0,0,0,0,0,0,0,0,0,0,0,0,0,0
16:2w4,0,0,0,0,0,0,0,0,0,0,0,0,0,0,0,0,0,0,0,0,0,0,0,0,0,0,0,0,0,0,0,0,0,0,0,0,0,0,0,0,0,0,0,0,0,0,0,0,0,0,0,0,0,0,0,0
16:3w6,0,0,0,0,0,0,0,0,0,0,0,0,0,0,0,0,0,0,0,0,0,0,0,0,0,0,0,0,0,0,0,0,0,0,0,0,0,0,0,0,0,0,0,0,0,0,0,0,0,0,0,0,0,0,0,0
16:3w4,29.69078728,22.21687279,3.9038499,12.91429538,11.22542379,29.35566186,18.49230244,2.386452718,2.586619086,41.14207587,0.407635004,0.674856276,14.78715006,129.4866215,30.64741629,15.36720689,23.70459737,14.77057322,12.42616365,21.44220074,0.902353799,9.949276071,23.22783441,368.0328219,385.6907046,328.0245697,9.924656138,7.206306046,7.78090952,303.8222497,157.1429981,456.8082833,187.4917923,111.9628552,295.178073,144.3876583,293.6437863,237.2714495,131.5560518,317.2516658,247.9512541,48.6286102,320.4926162,5.443499592,24.98734928,198.496442,4.848112633,8.429158645,16.7101356,11.20835784,263.0533485,16.16094987,318.9822177,30.42184167,12.56441208,9.660188658
16:3w3,22.93476489,28.98925767,3.169536483,10.34545257,5.013485642,13.09016776,7.966732908,1.086853467,0.99826237,14.2911173,2.685295586,1.994124184,42.39214359,28.52287094,132.7501004,3.522412031,5.233555075,10.75917866,9.488889387,16.86131247,0.813558346,19.66394039,54.88226776,95.9687159,113.1056776,112.2274793,35.17602753,22.41022643,26.28846982,180.4246111,106.0777406,278.2962723,305.041209,158.1885368,467.8057881,137.0979009,315.9177358,241.9697074,139.2234862,297.7919652,242.1827432,23.66212767,184.8771169,4.875357396,49.2723656,323.0844485,5.30872986,32.29443086,70.0696632,42.01981066,122.9663261,116.3730664,156.3105393,219.0406327,77.38535623,50.95275978
16:4w3,0,0,0,0,0,0,0,0,0,0,0,0,0,0,0,0,0,0,0,0,0,0,0,0,0,0,0,0,0,0,0,0,0,0,0,0,0,0,0,0,0,0,0,0,0,0,0,0,0,0,0,0,0,0,0,0
16:4w1,0,0,0,0,0,0,0,0,0,0,0,0,0,0,0,0,0,0,0,0,0,0,0,0,0,0,0,0,0,0,0,0,0,0,0,0,0,0,0,0,0,0,0,0,0,0,0,0,0,0,0,0,0,0,0,0
FA18:0,418.6696012,421.3402341,93.15290204,254.8905886,154.3806978,252.2612695,191.3057156,700.2573762,502.1982764,931.2384084,718.1407767,507.7456249,950.0906575,1014.912226,1042.685825,155.9960091,267.2129225,549.9846449,726.3854351,1088.024489,167.3962293,433.0976354,472.331795,648.282986,1074.882217,649.6216017,897.0120398,637.0571785,679.7784595,1328.595917,739.5521873,1705.415111,1368.512011,754.1997536,1752.874348,561.9618956,1172.497135,719.9121931,560.066997,1178.134322,722.1508112,1147.769674,1160.771621,138.526194,1187.985308,1149.756007,136.2077709,2717.276306,2813.083585,2509.21922,1023.533863,11325.57297,970.0159028,1152.201958,619.186688,325.2831761
Cy19:0,0,0,0,0,0,0,0,0,0,0,0,0,0,0,0,0,0,0,0,0,0,0,0,0,0,0,0,0,0,0,0,0,0,0,0,0,0,0,0,0,0,0,0,0,0,0,0,0,0,0,0,0,0,0,0,0
18:1w9,427.3101676,414.4434749,102.6165535,218.8035427,255.60722,576.3999623,396.6817095,691.3220532,577.301193,1008.253899,694.9412496,584.6386474,1015.914947,1160.523534,1167.328802,146.2257264,247.2449829,543.7409325,643.8878559,1080.006137,253.3478286,654.8448413,784.5962532,1255.344432,2087.588982,1423.972081,1092.291932,684.1036262,766.3261545,1202.734728,678.6918894,1713.435995,1191.757148,680.8361943,1713.247785,774.8349066,1826.367986,981.6049484,754.8328564,1834.508907,1004.582335,2079.801883,2671.217807,196.2962051,2227.922316,2701.722511,208.147807,1651.924311,1814.96912,1383.678694,1449.943246,5686.966475,1584.424847,1131.426066,544.3453656,257.5292647
18:1w7,415.5700988,404.1725594,98.50289979,215.2608113,264.9946912,602.3064834,403.7600498,376.6779746,296.3369835,608.8185861,380.3030766,301.549125,609.040592,471.3424112,476.5345626,56.62018786,96.91292861,208.357425,251.2539423,431.3609865,89.42902123,261.1706692,304.2182927,837.2360792,1255.287321,732.9666641,250.1062479,145.8566675,168.5950242,1286.291701,744.5592429,1842.490397,1319.922677,764.0712495,1913.269021,479.055501,1188.064374,703.9469137,478.6377277,1211.217672,717.7624131,1476.998126,1800.791032,148.994778,1530.348636,1834.358222,149.7517785,668.0194946,729.826463,597.7790847,1580.041619,4641.859382,1703.050455,800.0910632,420.4664927,197.9770428
18:2w6,631.7239987,586.2987593,123.0874133,330.1893404,396.0238714,838.4863357,574.9052344,64.20529043,69.62180317,575.5987161,61.02805548,67.40951598,560.6667881,667.1599411,659.588507,82.68238672,132.2464072,219.5232498,237.9714885,414.4469374,27.09221288,336.0031282,606.1967839,1151.01685,1390.539565,1133.588847,440.1191941,296.4447481,330.3538523,2019.523401,1150.334034,2874.360899,2056.137752,1178.342113,2996.852627,615.82603,1766.179271,1083.200848,603.3731128,1815.713662,1128.070864,1500.666311,3597.019144,204.8819208,1595.19011,3831.865879,205.8679843,477.6696672,739.4235003,477.6236436,3222.777147,3260.250142,3619.738808,1430.467373,689.692769,315.9260522
18:3w6,22.38745138,20.37532974,3.896356906,10.2318725,26.89073579,66.63353283,42.96851634,4.446849397,4.86769525,60.28521559,4.101827224,4.196286768,58.05550495,123.7041182,122.211302,14.61283886,21.81671945,21.60307526,21.68853442,38.3922065,1.09434397,14.96301606,38.64965178,165.1871182,150.6929399,151.3123942,33.12722476,19.8461058,25.29444436,325.7740746,169.738595,475.0987394,321.7244223,166.059526,467.3583303,68.13921435,210.4854785,140.8367214,64.17288948,204.1874599,135.5577505,56.85452607,397.3790897,8.462652342,57.52586854,392.7477493,7.458276919,38.95450682,80.66027617,39.69050172,159.1373439,71.82859951,200.3951617,92.66519954,44.02736134,20.79781793
18:3w3,366.9077175,356.8300585,60.453476,190.2659465,136.147622,325.9978693,220.5539937,18.79331516,18.24394454,289.822888,18.52701091,18.16023016,290.2341479,327.8347738,331.0400834,38.47885336,56.87092612,138.5053637,135.6572649,252.9148928,9.635506662,226.6718803,601.9264194,1142.195867,1204.735376,1161.038511,406.8470301,264.0504183,295.2826614,1729.419286,1012.301529,2516.755262,1786.122886,1042.119838,2620.267565,924.3666815,2982.370358,2125.436992,895.0938656,3107.874023,2239.99982,765.2342993,2835.833869,139.424556,779.4238252,2949.43107,138.1898208,181.8686369,376.8361391,210.1682407,3361.766932,793.8589684,3894.212327,580.6457053,265.3063873,136.379134
18:4w4,0,0,0,0,0,0,0,0,0,0,0,0,0,0,0,0,0,0,0,0,0,0,0,0,0,0,0,0,0,0,0,0,0,0,0,0,0,0,0,0,0,0,0,0,0,0,0,0,0,0,0,0,0,0,0,0
18:4w3,14.69983154,13.2318278,2.382772108,6.677058035,56.55182514,164.2564099,102.8918177,6.269063294,6.082869771,64.09159583,6.150193117,5.591666286,61.17863432,112.2696843,112.8491208,12.89117633,17.94601116,18.41132679,17.83273966,32.67029111,2.219886342,12.58648593,37.11127438,167.6918656,143.3336772,152.1821509,30.22598245,17.06126417,21.435134,325.5539475,168.8070497,471.7950279,325.9162372,165.5484795,474.6845043,40.3355457,123.3227649,94.54537076,33.78695885,122.3108162,91.71887192,28.67157718,314.6764851,6.887442212,31.73585301,314.6698811,6.546347864,25.37419567,61.46620149,27.72108255,152.1755581,78.38610378,207.9128717,34.2498672,6.541801332,0.662954124
18:5w3,0,0,0,0,0,0,0,0,0,0,0,0,0,0,0,0,0,0,0,0,0,0,0,0,0,0,0,0,0,0,0,0,0,0,0,0,0,0,0,0,0,0,0,0,0,0,0,0,0,0,0,0,0,0,0,0
FA20:0,15.2859616,14.21077443,3.319396364,8.054518433,13.32698715,26.59911045,20.38650618,32.79985015,24.04692766,44.54192985,30.57262527,19.6367954,41.7284786,39.23604634,37.09804682,5.207572882,9.673978005,13.52733742,18.18869747,30.43138496,8.017989479,19.15127027,21.17111655,68.13689512,110.3373569,66.03293527,72.59984229,50.16002273,50.95483543,62.68470772,33.53957587,83.01547368,59.00058307,31.51889998,79.3213809,54.92131608,122.6605664,74.1918389,53.69065066,115.3503025,70.22789903,101.3701783,104.864679,11.6315321,97.75951421,99.35595076,10.44530985,82.41844009,99.60595694,89.18255094,33.54143019,310.3950023,36.08500795,31.09638361,15.83531275,8.201689586
20:1w9,0,0,0,0,0,0,0,0,0,0,0,0,0,0,0,0,0,0,0,0,0,0,0,0,0,0,0,0,0,0,0,0,0,0,0,0,0,0,0,0,0,0,0,0,0,0,0,0,0,0,0,0,0,0,0,0
20:1w7,0,0,0,0,0,0,0,0,0,0,0,0,0,0,0,0,0,0,0,0,0,0,0,0,0,0,0,0,0,0,0,0,0,0,0,0,0,0,0,0,0,0,0,0,0,0,0,0,0,0,0,0,0,0,0,0
20:2w6,10.23786788,9.073310665,1.528570786,4.122714805,6.365711078,14.16701756,10.05589563,1.692716463,1.579027161,10.79013739,0.942655946,2.004272398,10.67502971,8.396028933,8.619297444,0.38326763,1.306992409,4.826804757,5.755066176,9.188144824,0.803958837,7.292515233,12.15009047,13.90814373,15.11399979,14.04602853,4.502944233,1.627230398,4.38616981,24.19524806,12.98045137,35.17083266,24.18960871,12.29132269,32.74784614,10.92003995,23.64962788,15.42486453,10.26822062,26.73617887,14.92867162,19.91866964,33.88620736,2.243854014,19.90088817,34.56087022,1.544696155,7.232426245,7.993767571,6.272990394,33.91978812,18.99994826,37.18375018,19.91585089,9.033916125,7.671326287
20:3w6,0,0,0,0,0,0,0,0,0,0,0,0,0,0,0,0,0,0,0,0,0,0,0,0,0,0,0,0,0,0,0,0,0,0,0,0,0,0,0,0,0,0,0,0,0,0,0,0,0,0,0,0,0,0,0,0
20:4w6,43.16013384,38.27922045,5.814563383,19.80884716,79.49084075,226.4790003,137.5723619,7.106171709,8.961037447,133.405335,7.174376064,8.265720853,128.6122028,186.3002342,178.4951297,20.29493357,28.8264437,27.34271585,27.21210356,51.84002608,1.195138809,21.5625577,78.22660989,510.0966561,383.1115238,429.4396385,31.15211992,19.30839186,24.13431542,487.5534511,259.3050909,709.716361,482.321362,249.5522884,687.8488654,61.64807737,225.1764748,165.0066714,52.6205597,216.463613,161.897159,57.06653421,745.0678313,11.70537007,57.5956656,723.5013918,11.46425099,36.89057703,84.54425363,37.86856701,276.1066969,354.5449842,351.4240278,290.0024452,142.9591267,66.78789256
20:3w3,0,0,0,0,0,0,0,0,0,0,0,0,0,0,0,0,0,0,0,0,0,0,0,0,0,0,0,0,0,0,0,0,0,0,0,0,0,0,0,0,0,0,0,0,0,0,0,0,0,0,0,0,0,0,0,0
20:4w3,0,0,0,0,0,0,0,0,0,0,0,0,0,0,0,0,0,0,0,0,0,0,0,0,0,0,0,0,0,0,0,0,0,0,0,0,0,0,0,0,0,0,0,0,0,0,0,0,0,0,0,0,0,0,0,0
20:5w3,142.4858902,124.8598281,17.10650542,70.68788439,177.3734119,511.5335676,310.8886806,12.65606175,16.37336879,193.083795,12.96279312,14.56776217,185.0280648,581.5167154,575.6795541,62.58212878,86.64689422,45.69897597,43.57620609,88.40323323,1.310332911,26.93255998,123.2913192,2175.724532,1463.306854,1827.896452,53.2664156,16.51650594,41.27671281,3270.985842,1617.580943,4660.894471,3362.712808,1615.45719,4740.246936,397.510723,1554.835387,1265.819179,342.7129132,1533.836089,1256.489011,269.327066,4379.440719,59.43751872,259.0081837,4363.474372,56.78619451,125.5181504,275.5817498,106.1795874,1264.66137,1742.271975,1633.983904,579.2460307,246.0703763,136.7769065
FA22:0,30.39724868,28.77862366,5.454899669,14.26517321,27.69621304,64.36478517,46.50657876,22.96267005,16.95646596,32.03062902,21.40593313,16.63292385,28.65471202,36.17898817,34.18649613,3.820509077,8.065371962,9.55618388,13.16794986,23.0147087,5.625311984,12.00864588,13.20817076,71.68043307,126.8956979,76.38700923,43.63900783,26.62505841,28.86047827,56.79982015,32.31593594,79.66442136,54.62491661,30.88991972,77.03100352,18.19520119,44.45202517,26.29600072,17.4890083,43.21744868,24.88262276,77.98668993,73.50609763,9.828654877,72.7896142,79.62684742,8.332984381,48.63242971,50.94333232,44.97180614,29.24706773,136.3430597,32.36470532,35.14363528,15.0824864,10.11478577
22:1w9,0,0,0,0,0,0,0,0,0,0,0,0,0,0,0,0,0,0,0,0,0,0,0,0,0,0,0,0,0,0,0,0,0,0,0,0,0,0,0,0,0,0,0,0,0,0,0,0,0,0,0,0,0,0,0,0
22:1w7,0,0,0,0,0,0,0,0,0,0,0,0,0,0,0,0,0,0,0,0,0,0,0,0,0,0,0,0,0,0,0,0,0,0,0,0,0,0,0,0,0,0,0,0,0,0,0,0,0,0,0,0,0,0,0,0
22:4w6,0,0,0,0,0,0,0,0,0,0,0,0,0,0,0,0,0,0,0,0,0,0,0,0,0,0,0,0,0,0,0,0,0,0,0,0,0,0,0,0,0,0,0,0,0,0,0,0,0,0,0,0,0,0,0,0
22:5w6,0,0,0,0,0,0,0,0,0,0,0,0,0,0,0,0,0,0,0,0,0,0,0,0,0,0,0,0,0,0,0,0,0,0,0,0,0,0,0,0,0,0,0,0,0,0,0,0,0,0,0,0,0,0,0,0
22:5w3,9.306270427,6.944904162,0,3.881055086,6.844115745,18.69070711,11.5446733,0,0,2.520058329,0.54011638,0.395780372,4.528537595,11.40749031,7.433451918,0,0.374224322,0.563374316,0.599900929,1.071510758,0,1.025340241,1.566909906,79.40049163,50.36280477,54.9751163,0.535538376,0.396828192,0.82273126,89.2498349,47.07855966,123.7691392,93.17595642,44.58771217,123.6500425,4.343410964,29.00072686,18.02639654,1.088701235,33.30173688,24.94576517,7.228468049,163.7774464,0.496355276,7.97431468,153.1043639,2.605511588,1.335483983,7.36149217,1.983371963,85.20620507,1.577939883,101.6240181,7.892140743,2.881507729,3.769367731
22:6w3,2.552188866,2.020080442,0.359663714,0.29240826,12.02357852,41.78315282,25.60830525,0,0,1.183173453,0.101908751,0.177593757,0,4.694397811,3.312984778,0.219010074,0,0.387584586,1.072851869,3.842576612,0.235187958,0.632148327,8.471775411,46.05045998,28.16465491,40.08820271,1.881754109,0.312296743,0.965476431,40.22003344,20.34400071,63.89655359,37.04871015,16.4932603,56.38727096,9.266499436,32.7420369,42.2738479,6.197222416,29.24530932,37.01047713,4.498610842,94.64817,0.781451901,5.479069605,80.90795803,0.200066068,0.832509496,0.790344251,2.329308933,31.61180477,2.289306224,40.96188136,0.927495173,4.361200888,0.435655567
FA23:0,2.445443324,1.931814762,0.479551619,1.022220611,3.060813532,7.779549518,5.441127926,3.697614241,2.712568077,6.247560337,2.84325415,2.699425104,5.70404879,6.267487409,5.656990721,0.699615516,1.943732301,1.42114348,2.04613512,3.248091896,0.938351956,2.467768038,2.434773511,10.04228946,19.29227277,9.729725828,7.689151909,3.67242185,5.214091803,6.299382239,3.374877883,8.291402911,6.193170178,3.695259061,8.433442543,1.326168686,3.473755089,2.146997032,0.353595273,3.001663461,2.295677902,11.34950249,12.19997691,1.361900425,10.53063219,11.13983905,1.270186899,6.885547288,6.774379297,8.694549186,2.610669694,7.126597341,4.028721507,7.048963313,4.542917591,2.500284123
FA24:0,61.67563329,60.34764642,4.203569662,19.30136175,53.74485898,145.1584327,104.008401,62.27207873,49.1527598,92.45539841,55.33645174,48.37653936,80.08658009,201.6124687,199.1574498,25.2469947,58.20584572,27.01019792,34.72704508,66.20594101,11.30102139,22.85943932,24.40955553,200.950639,341.3459885,201.4912176,52.17568607,33.48854247,35.94582951,194.4940121,113.6524665,279.1822215,198.6121836,115.0553415,290.0057639,56.70205202,117.9471401,72.55802652,51.00146556,0.06505153,74.66590896,195.8349486,220.6172307,25.80021905,200.8541416,222.9132455,25.30603129,163.3799886,164.8658108,149.6292709,68.5584563,28.81680377,76.96978459,130.641911,77.82666822,33.0340569
FA26:0,0,0,0,0,0,0,0,0,0,0,0,0,0,0,0,0,0,0,0,0,0,0,0,0,0,0,0,0,0,0,0,0,0,0,0,0,0,0,0,0,0,0,0,0,0,0,0,0,0,0,0,0,0,0,0,0
FA27:0,0,0,0,0,0,0,0,0,0,0,0,0,0,0,0,0,0,0,0,0,0,0,0,0,0,0,0,0,0,0,0,0,0,0,0,0,0,0,0,0,0,0,0,0,0,0,0,0,0,0,0,0,0,0,0,0
FA28:0,0,0,0,0,0,0,0,0,0,0,0,0,0,0,0,0,0,0,0,0,0,0,0,0,0,0,0,0,0,0,0,0,0,0,0,0,0,0,0,0,0,0,0,0,0,0,0,0,0,0,0,0,0,0,0,0
FA29:0,0,0,0,0,0,0,0,0,0,0,0,0,0,0,0,0,0,0,0,0,0,0,0,0,0,0,0,0,0,0,0,0,0,0,0,0,0,0,0,0,0,0,0,0,0,0,0,0,0,0,0,0,0,0,0,0
FA30:0,0,0,0,0,0,0,0,0,0,0,0,0,0,0,0,0,0,0,0,0,0,0,0,0,0,0,0,0,0,0,0,0,0,0,0,0,0,0,0,0,0,0,0,0,0,0,0,0,0,0,0,0,0,0,0,0
