,comid,sitelabel,nhdlabel,comidlabel,lat,lon,reachcode,WsAreaSqKm,CatAreaSqKm,ElevWs,ElevCat,CatPctFull,WsPctFull,PctAg2006Slp10Cat,PctAg2006Slp10Ws,PctAg2006Slp20Cat,PctAg2006Slp20Ws,CBNFCat,CBNFWs,FertCat,FertWs,ManureCat,ManureWs,PctUSGACat,PctSSACat,PctSACat,PctCRACat,PctSCRACat,PctIMRACat,PctORCat,PctUSGAWs,PctSSAWs,PctSAWs,PctCRAWs,PctSCRAWs,PctIMRAWs,PctORWs,BFICat,BFIWs,CoalMineDensCat,CoalMineDensWs,DamDensCat,DamNIDStorCat,DamNrmStorCat,DamDensWs,DamNIDStorWs,DamNrmStorWs,Na2OCat,Na2OWs,Al2O3Cat,Al2O3Ws,CaOCat,CaOWs,Fe2O3Cat,Fe2O3Ws,SiO2Cat,SiO2Ws,MgOCat,MgOWs,SCat,SWs,P2O5Cat,P2O5Ws,K2OCat,K2OWs,NCat,NWs,HydrlCondCat,HydrlCondWs,PctImp2006Cat,PctImp2006Ws,PctImp2008Cat,PctImp2008Ws,PctImp2011Cat,PctImp2011Ws,PctImp2001Cat,PctImp2001Ws,PctImp2013Cat,PctImp2013Ws,PctImp2019Cat,PctImp2019Ws,PctImp2016Cat,PctImp2016Ws,PctImp2004Cat,PctImp2004Ws,CatAreaSqKmRp100,WsAreaSqKmRp100,CatPctFullRp100,WsPctFullRp100,PctImp2008CatRp100,PctImp2008WsRp100,PctImp2019CatRp100,PctImp2019WsRp100,PctImp2006CatRp100,PctImp2006WsRp100,PctImp2011CatRp100,PctImp2011WsRp100,PctImp2001CatRp100,PctImp2001WsRp100,PctImp2004CatRp100,PctImp2004WsRp100,PctImp2013CatRp100,PctImp2013WsRp100,PctImp2016CatRp100,PctImp2016WsRp100,AgKffactCat,AgKffactWs,KffactCat,KffactWs,PctCarbResidCat,PctNonCarbResidCat,PctAlkIntruVolCat,PctSilicicCat,PctExtruVolCat,PctColluvSedCat,PctGlacTilClayCat,PctGlacTilLoamCat,PctGlacTilCrsCat,PctGlacLakeCrsCat,PctGlacLakeFineCat,PctHydricCat,PctEolCrsCat,PctEolFineCat,PctSalLakeCat,PctAlluvCoastCat,PctCoastCrsCat,PctWaterCat,PctCarbResidWs,PctNonCarbResidWs,PctAlkIntruVolWs,PctSilicicWs,PctExtruVolWs,PctColluvSedWs,PctGlacTilClayWs,PctGlacTilLoamWs,PctGlacTilCrsWs,PctGlacLakeCrsWs,PctGlacLakeFineWs,PctHydricWs,PctEolCrsWs,PctEolFineWs,PctSalLakeWs,PctAlluvCoastWs,PctCoastCrsWs,PctWaterWs,MineDensCat,MineDensWs,MineDensCatRp100,MineDensWsRp100,NABD_DensCat,NABD_NIDStorCat,NABD_NrmStorCat,NABD_DensWs,NABD_NIDStorWs,NABD_NrmStorWs,SN_2008Cat,SN_2008Ws,NO3_2008Cat,NO3_2008Ws,InorgNWetDep_2008Cat,InorgNWetDep_2008Ws,NH4_2008Cat,NH4_2008Ws,PctOw2001Cat,PctIce2001Cat,PctUrbOp2001Cat,PctUrbLo2001Cat,PctUrbMd2001Cat,PctUrbHi2001Cat,PctBl2001Cat,PctDecid2001Cat,PctConif2001Cat,PctMxFst2001Cat,PctShrb2001Cat,PctGrs2001Cat,PctHay2001Cat,PctCrop2001Cat,PctWdWet2001Cat,PctHbWet2001Cat,PctOw2001Ws,PctIce2001Ws,PctUrbOp2001Ws,PctUrbLo2001Ws,PctUrbMd2001Ws,PctUrbHi2001Ws,PctBl2001Ws,PctDecid2001Ws,PctConif2001Ws,PctMxFst2001Ws,PctShrb2001Ws,PctGrs2001Ws,PctHay2001Ws,PctCrop2001Ws,PctWdWet2001Ws,PctHbWet2001Ws,PctOw2001CatRp100,PctIce2001CatRp100,PctUrbOp2001CatRp100,PctUrbLo2001CatRp100,PctUrbMd2001CatRp100,PctUrbHi2001CatRp100,PctBl2001CatRp100,PctDecid2001CatRp100,PctConif2001CatRp100,PctMxFst2001CatRp100,PctShrb2001CatRp100,PctGrs2001CatRp100,PctHay2001CatRp100,PctCrop2001CatRp100,PctWdWet2001CatRp100,PctHbWet2001CatRp100,PctOw2001WsRp100,PctIce2001WsRp100,PctUrbOp2001WsRp100,PctUrbLo2001WsRp100,PctUrbMd2001WsRp100,PctUrbHi2001WsRp100,PctBl2001WsRp100,PctDecid2001WsRp100,PctConif2001WsRp100,PctMxFst2001WsRp100,PctShrb2001WsRp100,PctGrs2001WsRp100,PctHay2001WsRp100,PctCrop2001WsRp100,PctWdWet2001WsRp100,PctHbWet2001WsRp100,PctOw2004Cat,PctIce2004Cat,PctUrbOp2004Cat,PctUrbLo2004Cat,PctUrbMd2004Cat,PctUrbHi2004Cat,PctBl2004Cat,PctDecid2004Cat,PctConif2004Cat,PctMxFst2004Cat,PctShrb2004Cat,PctGrs2004Cat,PctHay2004Cat,PctCrop2004Cat,PctWdWet2004Cat,PctHbWet2004Cat,PctOw2004Ws,PctIce2004Ws,PctUrbOp2004Ws,PctUrbLo2004Ws,PctUrbMd2004Ws,PctUrbHi2004Ws,PctBl2004Ws,PctDecid2004Ws,PctConif2004Ws,PctMxFst2004Ws,PctShrb2004Ws,PctGrs2004Ws,PctHay2004Ws,PctCrop2004Ws,PctWdWet2004Ws,PctHbWet2004Ws,PctOw2004CatRp100,PctIce2004CatRp100,PctUrbOp2004CatRp100,PctUrbLo2004CatRp100,PctUrbMd2004CatRp100,PctUrbHi2004CatRp100,PctBl2004CatRp100,PctDecid2004CatRp100,PctConif2004CatRp100,PctMxFst2004CatRp100,PctShrb2004CatRp100,PctGrs2004CatRp100,PctHay2004CatRp100,PctCrop2004CatRp100,PctWdWet2004CatRp100,PctHbWet2004CatRp100,PctOw2004WsRp100,PctIce2004WsRp100,PctUrbOp2004WsRp100,PctUrbLo2004WsRp100,PctUrbMd2004WsRp100,PctUrbHi2004WsRp100,PctBl2004WsRp100,PctDecid2004WsRp100,PctConif2004WsRp100,PctMxFst2004WsRp100,PctShrb2004WsRp100,PctGrs2004WsRp100,PctHay2004WsRp100,PctCrop2004WsRp100,PctWdWet2004WsRp100,PctHbWet2004WsRp100,PctOw2006Cat,PctIce2006Cat,PctUrbOp2006Cat,PctUrbLo2006Cat,PctUrbMd2006Cat,PctUrbHi2006Cat,PctBl2006Cat,PctDecid2006Cat,PctConif2006Cat,PctMxFst2006Cat,PctShrb2006Cat,PctGrs2006Cat,PctHay2006Cat,PctCrop2006Cat,PctWdWet2006Cat,PctHbWet2006Cat,PctOw2006Ws,PctIce2006Ws,PctUrbOp2006Ws,PctUrbLo2006Ws,PctUrbMd2006Ws,PctUrbHi2006Ws,PctBl2006Ws,PctDecid2006Ws,PctConif2006Ws,PctMxFst2006Ws,PctShrb2006Ws,PctGrs2006Ws,PctHay2006Ws,PctCrop2006Ws,PctWdWet2006Ws,PctHbWet2006Ws,PctOw2006CatRp100,PctIce2006CatRp100,PctUrbOp2006CatRp100,PctUrbLo2006CatRp100,PctUrbMd2006CatRp100,PctUrbHi2006CatRp100,PctBl2006CatRp100,PctDecid2006CatRp100,PctConif2006CatRp100,PctMxFst2006CatRp100,PctShrb2006CatRp100,PctGrs2006CatRp100,PctHay2006CatRp100,PctCrop2006CatRp100,PctWdWet2006CatRp100,PctHbWet2006CatRp100,PctOw2006WsRp100,PctIce2006WsRp100,PctUrbOp2006WsRp100,PctUrbLo2006WsRp100,PctUrbMd2006WsRp100,PctUrbHi2006WsRp100,PctBl2006WsRp100,PctDecid2006WsRp100,PctConif2006WsRp100,PctMxFst2006WsRp100,PctShrb2006WsRp100,PctGrs2006WsRp100,PctHay2006WsRp100,PctCrop2006WsRp100,PctWdWet2006WsRp100,PctHbWet2006WsRp100,PctOw2008Cat,PctIce2008Cat,PctUrbOp2008Cat,PctUrbLo2008Cat,PctUrbMd2008Cat,PctUrbHi2008Cat,PctBl2008Cat,PctDecid2008Cat,PctConif2008Cat,PctMxFst2008Cat,PctShrb2008Cat,PctGrs2008Cat,PctHay2008Cat,PctCrop2008Cat,PctWdWet2008Cat,PctHbWet2008Cat,PctOw2008Ws,PctIce2008Ws,PctUrbOp2008Ws,PctUrbLo2008Ws,PctUrbMd2008Ws,PctUrbHi2008Ws,PctBl2008Ws,PctDecid2008Ws,PctConif2008Ws,PctMxFst2008Ws,PctShrb2008Ws,PctGrs2008Ws,PctHay2008Ws,PctCrop2008Ws,PctWdWet2008Ws,PctHbWet2008Ws,PctOw2008CatRp100,PctIce2008CatRp100,PctUrbOp2008CatRp100,PctUrbLo2008CatRp100,PctUrbMd2008CatRp100,PctUrbHi2008CatRp100,PctBl2008CatRp100,PctDecid2008CatRp100,PctConif2008CatRp100,PctMxFst2008CatRp100,PctShrb2008CatRp100,PctGrs2008CatRp100,PctHay2008CatRp100,PctCrop2008CatRp100,PctWdWet2008CatRp100,PctHbWet2008CatRp100,PctOw2008WsRp100,PctIce2008WsRp100,PctUrbOp2008WsRp100,PctUrbLo2008WsRp100,PctUrbMd2008WsRp100,PctUrbHi2008WsRp100,PctBl2008WsRp100,PctDecid2008WsRp100,PctConif2008WsRp100,PctMxFst2008WsRp100,PctShrb2008WsRp100,PctGrs2008WsRp100,PctHay2008WsRp100,PctCrop2008WsRp100,PctWdWet2008WsRp100,PctHbWet2008WsRp100,PctOw2011Cat,PctIce2011Cat,PctUrbOp2011Cat,PctUrbLo2011Cat,PctUrbMd2011Cat,PctUrbHi2011Cat,PctBl2011Cat,PctDecid2011Cat,PctConif2011Cat,PctMxFst2011Cat,PctShrb2011Cat,PctGrs2011Cat,PctHay2011Cat,PctCrop2011Cat,PctWdWet2011Cat,PctHbWet2011Cat,PctOw2011Ws,PctIce2011Ws,PctUrbOp2011Ws,PctUrbLo2011Ws,PctUrbMd2011Ws,PctUrbHi2011Ws,PctBl2011Ws,PctDecid2011Ws,PctConif2011Ws,PctMxFst2011Ws,PctShrb2011Ws,PctGrs2011Ws,PctHay2011Ws,PctCrop2011Ws,PctWdWet2011Ws,PctHbWet2011Ws,PctOw2011CatRp100,PctIce2011CatRp100,PctUrbOp2011CatRp100,PctUrbLo2011CatRp100,PctUrbMd2011CatRp100,PctUrbHi2011CatRp100,PctBl2011CatRp100,PctDecid2011CatRp100,PctConif2011CatRp100,PctMxFst2011CatRp100,PctShrb2011CatRp100,PctGrs2011CatRp100,PctHay2011CatRp100,PctCrop2011CatRp100,PctWdWet2011CatRp100,PctHbWet2011CatRp100,PctOw2011WsRp100,PctIce2011WsRp100,PctUrbOp2011WsRp100,PctUrbLo2011WsRp100,PctUrbMd2011WsRp100,PctUrbHi2011WsRp100,PctBl2011WsRp100,PctDecid2011WsRp100,PctConif2011WsRp100,PctMxFst2011WsRp100,PctShrb2011WsRp100,PctGrs2011WsRp100,PctHay2011WsRp100,PctCrop2011WsRp100,PctWdWet2011WsRp100,PctHbWet2011WsRp100,PctOw2013Cat,PctIce2013Cat,PctUrbOp2013Cat,PctUrbLo2013Cat,PctUrbMd2013Cat,PctUrbHi2013Cat,PctBl2013Cat,PctDecid2013Cat,PctConif2013Cat,PctMxFst2013Cat,PctShrb2013Cat,PctGrs2013Cat,PctHay2013Cat,PctCrop2013Cat,PctWdWet2013Cat,PctHbWet2013Cat,PctOw2013Ws,PctIce2013Ws,PctUrbOp2013Ws,PctUrbLo2013Ws,PctUrbMd2013Ws,PctUrbHi2013Ws,PctBl2013Ws,PctDecid2013Ws,PctConif2013Ws,PctMxFst2013Ws,PctShrb2013Ws,PctGrs2013Ws,PctHay2013Ws,PctCrop2013Ws,PctWdWet2013Ws,PctHbWet2013Ws,PctOw2013CatRp100,PctIce2013CatRp100,PctUrbOp2013CatRp100,PctUrbLo2013CatRp100,PctUrbMd2013CatRp100,PctUrbHi2013CatRp100,PctBl2013CatRp100,PctDecid2013CatRp100,PctConif2013CatRp100,PctMxFst2013CatRp100,PctShrb2013CatRp100,PctGrs2013CatRp100,PctHay2013CatRp100,PctCrop2013CatRp100,PctWdWet2013CatRp100,PctHbWet2013CatRp100,PctOw2013WsRp100,PctIce2013WsRp100,PctUrbOp2013WsRp100,PctUrbLo2013WsRp100,PctUrbMd2013WsRp100,PctUrbHi2013WsRp100,PctBl2013WsRp100,PctDecid2013WsRp100,PctConif2013WsRp100,PctMxFst2013WsRp100,PctShrb2013WsRp100,PctGrs2013WsRp100,PctHay2013WsRp100,PctCrop2013WsRp100,PctWdWet2013WsRp100,PctHbWet2013WsRp100,PctOw2016Cat,PctIce2016Cat,PctUrbOp2016Cat,PctUrbLo2016Cat,PctUrbMd2016Cat,PctUrbHi2016Cat,PctBl2016Cat,PctDecid2016Cat,PctConif2016Cat,PctMxFst2016Cat,PctShrb2016Cat,PctGrs2016Cat,PctHay2016Cat,PctCrop2016Cat,PctWdWet2016Cat,PctHbWet2016Cat,PctOw2016Ws,PctIce2016Ws,PctUrbOp2016Ws,PctUrbLo2016Ws,PctUrbMd2016Ws,PctUrbHi2016Ws,PctBl2016Ws,PctDecid2016Ws,PctConif2016Ws,PctMxFst2016Ws,PctShrb2016Ws,PctGrs2016Ws,PctHay2016Ws,PctCrop2016Ws,PctWdWet2016Ws,PctHbWet2016Ws,PctOw2016CatRp100,PctIce2016CatRp100,PctUrbOp2016CatRp100,PctUrbLo2016CatRp100,PctUrbMd2016CatRp100,PctUrbHi2016CatRp100,PctBl2016CatRp100,PctDecid2016CatRp100,PctConif2016CatRp100,PctMxFst2016CatRp100,PctShrb2016CatRp100,PctGrs2016CatRp100,PctHay2016CatRp100,PctCrop2016CatRp100,PctWdWet2016CatRp100,PctHbWet2016CatRp100,PctOw2016WsRp100,PctIce2016WsRp100,PctUrbOp2016WsRp100,PctUrbLo2016WsRp100,PctUrbMd2016WsRp100,PctUrbHi2016WsRp100,PctBl2016WsRp100,PctDecid2016WsRp100,PctConif2016WsRp100,PctMxFst2016WsRp100,PctShrb2016WsRp100,PctGrs2016WsRp100,PctHay2016WsRp100,PctCrop2016WsRp100,PctWdWet2016WsRp100,PctHbWet2016WsRp100,PctOw2019Cat,PctIce2019Cat,PctUrbOp2019Cat,PctUrbLo2019Cat,PctUrbMd2019Cat,PctUrbHi2019Cat,PctBl2019Cat,PctDecid2019Cat,PctConif2019Cat,PctMxFst2019Cat,PctShrb2019Cat,PctGrs2019Cat,PctHay2019Cat,PctCrop2019Cat,PctWdWet2019Cat,PctHbWet2019Cat,PctOw2019Ws,PctIce2019Ws,PctUrbOp2019Ws,PctUrbLo2019Ws,PctUrbMd2019Ws,PctUrbHi2019Ws,PctBl2019Ws,PctDecid2019Ws,PctConif2019Ws,PctMxFst2019Ws,PctShrb2019Ws,PctGrs2019Ws,PctHay2019Ws,PctCrop2019Ws,PctWdWet2019Ws,PctHbWet2019Ws,PctOw2019CatRp100,PctIce2019CatRp100,PctUrbOp2019CatRp100,PctUrbLo2019CatRp100,PctUrbMd2019CatRp100,PctUrbHi2019CatRp100,PctBl2019CatRp100,PctDecid2019CatRp100,PctConif2019CatRp100,PctMxFst2019CatRp100,PctShrb2019CatRp100,PctGrs2019CatRp100,PctHay2019CatRp100,PctCrop2019CatRp100,PctWdWet2019CatRp100,PctHbWet2019CatRp100,PctOw2019WsRp100,PctIce2019WsRp100,PctUrbOp2019WsRp100,PctUrbLo2019WsRp100,PctUrbMd2019WsRp100,PctUrbHi2019WsRp100,PctBl2019WsRp100,PctDecid2019WsRp100,PctConif2019WsRp100,PctMxFst2019WsRp100,PctShrb2019WsRp100,PctGrs2019WsRp100,PctHay2019WsRp100,PctCrop2019WsRp100,PctWdWet2019WsRp100,PctHbWet2019WsRp100,PctNonAgIntrodManagVegCat,PctNonAgIntrodManagVegWs,PctNonAgIntrodManagVegCatRp100,PctNonAgIntrodManagVegWsRp100,NsurpCat,NsurpWs,NANICat,NANIWs,Pestic97Cat,Pestic97Ws,Precip_Minus_EVTCat,Precip_Minus_EVTWs,Precip08Cat,Precip08Ws,Precip09Cat,Precip09Ws,PrecipCat,TmaxCat,TmeanCat,TminCat,PrecipWs,TmaxWs,TmeanWs,TminWs,MAST_2008,MAST_2009,MAST_2013,MAST_2014,MSST_2008,MSST_2009,MSST_2013,MSST_2014,MWST_2008,MWST_2009,MWST_2013,MWST_2014,RdDensCat,RdDensWs,RdDensCatRp100,RdDensWsRp100,RdCrsCat,RdCrsSlpWtdCat,RdCrsWs,RdCrsSlpWtdWs,RockNCat,RockNWs,RunoffCat,RunoffWs,SepticCat,SepticWs,ClayCat,ClayWs,SandCat,SandWs,WtDepCat,WtDepWs,OmCat,OmWs,PermCat,PermWs,RckDepCat,RckDepWs,HUDen2010Cat,HUDen2010Ws,PopDen2010Cat,PopDen2010Ws,HUDen2010CatRp100,HUDen2010WsRp100,PopDen2010CatRp100,PopDen2010WsRp100,WetIndexCat,WetIndexWs,WWTPMajorDensCat,WWTPMajorDensWs,WWTPMinorDensCat,WWTPMinorDensWs,WWTPAllDensCat,WWTPAllDensWs
1,11815669,Spring,Spring Creek,11815669,36.0452,-92.43343,1.101E+13,30.2,6.78,286,243,100,100,0,1.11,0,0.41,0,0.289,0,2.89,0,6.56,0,0,0,100,0,0,0,0,0,0,98,0,0,2.04,35,35,0,0,0,0,0,0,0,0,0.334,0.408,3.07,3.7,24.5,24.7,1.4,1.61,33,35.1,6.54,3.77,0.0955,0.3,0.121,0.184,0.73,0.769,0.0469,0.0626,0.163,0.101,0.23,0.31,0.23,0.31,0.23,0.32,0.23,0.31,0.24,0.32,0.24,0.33,0.24,0.33,0.23,0.31,0.966,4.97,100,100,0.43,0.19,0.47,0.2,0.43,0.19,0.43,0.19,0.43,0.19,0.43,0.19,0.47,0.2,0.47,0.2,0,0.0308,0.33,0.351,0,100,0,0,0,0,0,0,0,0,0,0,0,0,0,0,0,0,0,100,0,0,0,0,0,0,0,0,0,0,0,0,0,0,0,0,0,0,0,0,0,0,0,0,0,0,576,581,9.43,9.51,4.49,4.53,3.05,3.08,0,0,4.39,0.08,0,0,0,57.4,5.81,31.6,0.03,0.48,0.21,0,0,0,0.01,0,3.11,0.47,0.01,0,0.11,62.2,5.39,18,0.42,0.13,10.1,0,0,0,0,0,7.64,0.19,0,0,0,49.7,6.71,35.1,0,0,0.65,0,0,0,0,0,2.82,0.14,0.02,0,0,68.3,4.45,19.9,0.04,0.11,4.22,0,0,0,0,0,4.39,0.08,0,0,0,57.4,5.81,31.6,0.03,0.48,0.21,0,0,0,0.01,0,3.11,0.47,0.01,0,0.11,62.2,5.2,17.9,0.49,0.39,10.1,0,0,0,0,0,7.64,0.19,0,0,0,49.7,6.71,35.1,0,0,0.65,0,0,0,0,0,2.82,0.14,0.02,0,0,68.3,4.44,19.9,0.04,0.16,4.22,0,0,0,0,0,4.39,0.08,0,0,0,57.4,5.81,31.6,0.03,0.48,0.21,0,0,0,0.01,0,3.13,0.47,0.01,0,0.11,62.1,4.94,17.8,0.29,1.07,10.1,0,0,0,0,0,7.64,0.19,0,0,0,49.7,6.71,35.1,0,0,0.65,0,0,0,0,0,2.82,0.14,0.02,0,0,68.3,4.44,19.9,0.04,0.16,4.18,0,0,0,0,0,4.39,0.08,0,0,0,57.4,5.81,31.6,0.03,0.48,0.21,0,0,0,0.01,0,3.13,0.47,0.01,0,0.11,62.3,4.94,17.7,0.48,0.73,10.1,0,0,0,0,0,7.64,0.19,0,0,0,49.7,6.71,35.1,0,0,0.65,0,0,0,0,0,2.82,0.14,0.02,0,0,68.2,4.44,19.9,0.13,0.16,4.16,0,0,0,0,0,4.39,0.08,0,0,0,57.4,5.81,31.6,0.03,0.48,0.21,0,0,0,0.01,0,3.13,0.47,0.02,0,0.1,62.2,4.96,17.7,0.45,0.81,10.1,0,0,0,0,0,7.64,0.19,0,0,0,49.7,6.71,35.1,0,0,0.65,0,0,0,0,0,2.82,0.14,0.02,0,0,68.2,4.44,19.9,0,0.31,4.16,0,0,0,0,0,4.38,0.08,0.01,0,0,57.4,5.81,31.6,0.03,0.48,0.21,0,0,0,0.01,0,3.12,0.47,0.03,0,0.11,62.3,4.93,17.8,0.79,0.46,10,0,0,0,0,0,7.55,0.19,0.09,0,0,49.7,6.71,35.1,0,0,0.65,0,0,0,0,0,2.81,0.14,0.04,0,0,68.4,4.45,20.1,0.13,0.14,3.86,0,0,0,0,0,4.38,0.08,0.01,0,0,57.4,5.81,31.6,0.03,0.48,0.21,0,0,0,0.01,0,3.11,0.46,0.05,0,0.11,62.1,4.92,17.8,0.82,0.7,9.96,0,0,0,0,0,7.55,0.19,0.09,0,0,49.7,6.71,35.1,0,0,0.65,0,0,0,0,0,2.82,0.14,0.04,0,0,68.3,4.45,20.1,0.13,0.2,3.84,0,0,0,0,0,4.38,0.08,0.01,0,0,57.5,5.81,31.6,0.03,0.41,0.2,0,0,0,0.01,0,3.11,0.46,0.05,0,0.16,62.6,4.89,17.7,0.32,0.77,9.96,0,0,0,0,0,7.55,0.19,0.09,0,0,49.7,6.71,35.1,0,0,0.65,0,0,0,0,0,2.82,0.14,0.04,0,0,68.4,4.45,20.1,0,0.2,3.84,0,0,0,0,0,0,0,6830,57400,4710,48300,0.0107,0.412,29.4,31.8,1750,1730,1590,1610,1190,21.2,14.6,-3.9,1200,21,14.6,-3.78,14.4,14.5,14.4,14.4,21.5,20.8,21.3,21.4,5.02,5.04,5.19,4.29,1.03,0.842,0.86,0.643,0.0133,0.0029,0.006,0.005,262,259,448,448,1.38,4.7,32.4,33.9,30.5,27.5,180,177,0.583,0.662,4.33,4.36,125,127,2.8,2.02,4.57,3.16,2.8,2.03,4.57,3.18,634,646,0,0,0,0,0,0
2,11834340,Roasting Ear,Roasting Ear Creek,11834340,35.95118,-92.28778,1.101E+13,91.2,0.631,288,229,100,100,0.43,3.14,0,0.83,0.0514,0.32,0.616,3.63,0.959,6.32,0,0,0,100,0,0,0,0,0,0,65.1,0,0,34.9,35,34.6,0,0,0,0,0,0.011,676,406,0.332,0.408,2.83,3.37,29.3,28.2,1.36,1.55,28.1,33.9,4.71,1.51,0.13,0.322,0.149,0.21,0.648,0.648,0.0424,0.0588,0.12,0.0339,0.24,0.35,0.31,0.36,0.31,0.36,0.24,0.35,0.31,0.37,0.31,0.38,0.31,0.37,0.24,0.35,0.102,22.5,100,100,1.66,0.31,1.66,0.33,1.27,0.3,1.66,0.32,1.27,0.3,1.27,0.3,1.66,0.32,1.66,0.32,0.005,0.0375,0.336,0.377,0,100,0,0,0,0,0,0,0,0,0,0,0,0,0,0,0,0,0,92.6,0,0,0,7.44,0,0,0,0,0,0,0,0,0,0,0,0,0,0,0,0,0,0,0,0,0,0,582,593,9.5,9.69,4.54,4.63,3.09,3.14,0,0,5.71,0.43,0,0,1.57,63.9,10.4,15.8,0,0,2.14,0,0,0,0.06,0,3.04,0.57,0.05,0,0.33,74.6,3.89,5.17,0.28,0.2,11.8,0,0,0,0,0,14.2,2.65,0,0,9.73,54.9,0,5.31,0,0,13.3,0,0,0,0,0,2.64,0.57,0.01,0,0.63,83,1.4,4.15,0.24,0.28,7.02,0,0.01,0,0,0,5.71,0.43,0,0,1.57,63.9,10.4,15.8,0,0,2.14,0,0,0,0.07,0,3.04,0.58,0.05,0,0.33,74.3,3.87,5.16,0.31,0.59,11.7,0,0,0,0,0,14.2,2.65,0,0,9.73,54.9,0,5.31,0,0,13.3,0,0,0,0,0,2.65,0.58,0.01,0,0.63,82.9,1.4,4.15,0.22,0.55,6.94,0,0.01,0,0,0,5.71,0.43,0,0,1.57,63.9,10.4,15.8,0,0,2.14,0,0,0,0.07,0,3.07,0.58,0.05,0,0.31,74.1,3.88,5.14,0.37,0.78,11.7,0,0,0,0,0,14.2,2.65,0,0,9.73,54.9,0,5.31,0,0,13.3,0,0,0,0,0,2.67,0.58,0.01,0,0.63,82.7,1.45,4.14,0.3,0.55,6.93,0,0.01,0,0,0,5.56,0.57,0,0,1.57,63.9,10.4,15.8,0,0,2.14,0,0,0,0.07,0,3.08,0.58,0.06,0,0.31,74.2,3.88,5.15,0.25,0.79,11.6,0,0,0,0,0,13.3,3.54,0,0,9.73,54.9,0,5.31,0,0,13.3,0,0,0,0,0,2.66,0.58,0.01,0,0.63,82.8,1.45,4.15,0.18,0.61,6.91,0,0.01,0,0,0,5.56,0.57,0,0,1.57,63.9,10.4,15.8,0,0,2.14,0,0,0,0.07,0,3.07,0.58,0.06,0,0.31,73.9,3.87,5.14,0.33,1.18,11.5,0,0,0,0,0,13.3,3.54,0,0,9.73,54.9,0,5.31,0,0,13.3,0,0,0,0,0,2.65,0.58,0.02,0,0.63,82.6,1.45,4.15,0.23,0.82,6.91,0,0.01,0,0,0,5.56,0.57,0,0,1.57,63.9,10.4,15.8,0,0,2.14,0,0,0,0.07,0,3.07,0.58,0.07,0,0.31,74.1,3.82,5.14,0.69,0.7,11.4,0,0,0,0,0,13.3,3.54,0,0,9.73,54.9,0,5.31,0,0,13.3,0,0,0,0,0,2.65,0.59,0.02,0,0.61,82.8,1.45,4.17,0.5,0.41,6.83,0,0.01,0,0,0,5.56,0.57,0,0,1.57,63.9,10.4,15.8,0,0,2.14,0,0,0,0.07,0,3.06,0.58,0.07,0,0.31,73.9,3.84,5.14,0.62,1.11,11.3,0,0,0,0,0,13.3,3.54,0,0,9.73,54.9,0,5.31,0,0,13.3,0,0,0,0,0,2.65,0.59,0.02,0,0.61,82.7,1.47,4.18,0.45,0.61,6.74,0,0.01,0,0,0,5.56,0.57,0,0,1.57,63.9,10.4,15.8,0,0,2.14,0,0,0,0.07,0,3.09,0.58,0.09,0,0.3,73.7,3.83,5.1,0.47,1.51,11.3,0,0,0,0,0,13.3,3.54,0,0,9.73,54.9,0,5.31,0,0,13.3,0,0,0,0,0,2.63,0.59,0.04,0,0.61,82.5,1.46,4.13,0.28,0.99,6.77,0,0.01,0,0,0,0,0,713,169000,494,140000,0.284,0.845,32.1,33.2,1620,1660,1600,1630,1220,21.3,14.7,-3.97,1220,21,14.6,-3.83,15,15,15,14.9,22.8,22.3,22.6,22.6,5.36,5.37,5.41,4.5,1.68,0.886,4,0.787,0,0,0.0072,0.0048,205,248,448,448,1.93,3.57,31.9,36.2,31.3,24.5,180,176,0.584,0.658,4.3,4.44,123,134,1.83,2.77,3.11,5.2,2.5,2.66,4.65,4.95,652,647,0,0,0,0,0,0
3,11834120,East Livingstone, ,11834120,35.99504,-92.12222,1.101E+13,14.2,1.54,232,208,100,100,0,0,0,0,0,0,0,0,0,0,0,0,0,100,0,0,0,0,0,0,100,0,0,0,35,35.7,0,0,0,0,0,0,0,0,0.335,0.337,3.21,3.37,23.3,20.7,1.43,1.45,33.2,35.6,7.35,8.47,0.0828,0.0627,0.112,0.0952,0.776,0.83,0.0468,0.0488,0.187,0.215,0.43,0.45,0.43,0.45,0.43,0.45,0.43,0.45,0.43,0.45,0.43,0.45,0.43,0.45,0.43,0.45,0.254,3.13,100,100,2.63,1.15,2.63,1.17,2.63,1.15,2.63,1.17,2.63,1.15,2.63,1.15,2.63,1.17,2.63,1.17,0,0,0.29,0.299,0,100,0,0,0,0,0,0,0,0,0,0,0,0,0,0,0,0,0,100,0,0,0,0,0,0,0,0,0,0,0,0,0,0,0,0,0,0,0,0,0,0,0,0,0,0,584,580,9.51,9.45,4.55,4.52,3.1,3.08,0,0,1.75,0.99,0.06,0,0,39.8,22.2,35.2,0,0,0,0,0,0,0,0,1.62,0.9,0.08,0,0.04,50.7,14.7,31.5,0.18,0.03,0.31,0,0,0,0,0,10.6,6.03,0.35,0,0,24.5,12.4,46.1,0,0,0,0,0,0,0,0,1.87,2.59,0.23,0,0.14,43.3,14.3,37.4,0,0,0.14,0,0,0,0,0,1.75,0.99,0.06,0,0,39.8,22.2,35.2,0,0,0,0,0,0,0,0,1.62,0.9,0.08,0,0.04,50.6,14.7,31.6,0.15,0.03,0.27,0,0,0,0,0,10.6,6.03,0.35,0,0,24.5,12.4,46.1,0,0,0,0,0,0,0,0,1.87,2.59,0.23,0,0.14,43.3,14.3,37.4,0,0,0.14,0,0,0,0,0,1.75,0.99,0.06,0,0,39.8,22.2,35.2,0,0,0,0,0,0,0,0,1.62,0.9,0.08,0,0.04,50.6,14.7,31.6,0.01,0.1,0.3,0,0,0,0,0,10.6,6.03,0.35,0,0,24.5,12.4,46.1,0,0,0,0,0,0,0,0,1.87,2.59,0.23,0,0.14,43.3,14.3,37.4,0,0,0.14,0,0,0,0,0,1.75,0.99,0.06,0,0,39.8,22.2,35.2,0,0,0,0,0,0,0,0,1.62,0.9,0.08,0,0.04,50.6,14.6,31.6,0.1,0.14,0.27,0,0,0,0,0,10.6,6.03,0.35,0,0,24.5,12.4,46.1,0,0,0,0,0,0,0,0,1.87,2.59,0.23,0,0.14,43.3,13.8,37.4,0,0.52,0.14,0,0,0,0,0,1.75,0.99,0.06,0,0,39.8,22.2,35.2,0,0,0,0,0,0,0,0,1.62,0.89,0.09,0,0.04,50.6,14.2,31.6,0.01,0.58,0.31,0,0,0,0,0,10.6,6.03,0.35,0,0,24.5,12.4,46.1,0,0,0,0,0,0,0,0,1.87,2.56,0.26,0,0.14,43.3,13.7,37.4,0,0.63,0.14,0,0,0,0,0,1.75,0.99,0.06,0,0,39.8,22.2,35.2,0,0,0,0,0,0,0,0,1.62,0.89,0.09,0,0.04,50.6,14.2,31.6,0.54,0.08,0.27,0,0,0,0,0,10.6,6.03,0.35,0,0,24.5,12.4,46.1,0,0,0,0,0,0,0,0,1.87,2.56,0.26,0,0.14,43.3,13.7,37.4,0.63,0,0.14,0,0,0,0,0,1.75,0.99,0.06,0,0,39.5,22,35.2,0,0.41,0,0,0,0,0,0,1.62,0.89,0.09,0,0.04,50.4,14.2,31.6,0.49,0.38,0.27,0,0,0,0,0,10.6,6.03,0.35,0,0,24.5,12.4,46.1,0,0,0,0,0,0,0,0,1.87,2.56,0.26,0,0.14,43.8,13.7,37.4,0.11,0,0.14,0,0,0,0,0,1.75,0.99,0.06,0,0,39.5,21.4,34.6,0,1.75,0,0,0,0,0,0,1.62,0.89,0.09,0,0.15,48.9,13.2,29.9,0.37,4.64,0.27,0,0,0,0,0,10.6,6.03,0.35,0,0,24.5,12.4,46.1,0,0,0,0,0,0,0,0,1.87,2.56,0.26,0,0.14,42,12.1,34.8,0,6.09,0.14,0,0,0,0,0,0,0,1450,13300,960,8780,0.329,0.329,31.1,32.7,1530,1590,1550,1560,1220,21.5,14.9,-3.79,1220,21.4,14.8,-3.97,14.6,14.6,14.6,14.5,21.3,20.4,21,21,4.97,5,5.17,4.27,0.547,0.749,0.881,0.732,0.0195,0.0061,0.0064,0.0026,244,287,448,448,1.93,1.93,30.1,30.5,33.8,33.2,181,181,0.59,0.589,4.22,4.24,117,119,1.52,1.52,2.4,2.4,1.52,1.52,2.4,2.4,632,639,0,0,0,0,0,0
4,11829758,Perry,Perry Creek,11829758,36.18335,-92.38135,1.101E+13,19.2,1.08,249,181,100,100,0,0.66,0,0,0,0.192,0,1.92,0,4.36,0,0,0,100,0,0,0,0,0,0,100,0,0,0,35,36.1,0,0,0,0,0,0,0,0,0.342,0.336,3.82,3.31,16.5,20.7,1.49,1.44,36.7,36.2,10.6,8.11,0.0874,0.0745,0.0834,0.0997,0.905,0.8,0.0561,0.0505,0.188,0.192,0.09,0.4,0.09,0.4,0.09,0.41,0.09,0.4,0.09,0.41,0.09,0.43,0.09,0.41,0.09,0.4,0.275,4.35,100,100,0.36,0.36,0.36,0.4,0.36,0.36,0.36,0.37,0.36,0.36,0.36,0.36,0.36,0.37,0.36,0.37,0,0.0187,0.29,0.308,0,100,0,0,0,0,0,0,0,0,0,0,0,0,0,0,0,0,0,100,0,0,0,0,0,0,0,0,0,0,0,0,0,0,0,0,0,0,0,0,0,0,0,0,0,0,532,538,8.7,8.79,4.15,4.2,2.82,2.85,0,0,4.42,0,0,0,0,46.5,7.76,41.3,0,0,0,0,0,0,0,0,3.16,0.7,0.04,0,0,52,8.62,27.1,0.21,0,8.15,0,0,0,0,0,17.3,0,0,0,0,17,12.8,52.9,0,0,0,0,0,0,0,0,4.12,0.58,0.04,0,0,51.9,6.54,28.6,0.12,0,8.03,0,0,0,0,0,4.42,0,0,0,0,46.5,7.76,41.3,0,0,0,0,0,0,0,0,3.16,0.7,0.04,0,0,51.8,8.7,27,0.35,0.13,8.1,0,0,0,0,0,17.3,0,0,0,0,17,12.8,52.9,0,0,0,0,0,0,0,0,4.12,0.58,0.04,0,0,51.8,6.54,28.6,0.12,0.1,8.03,0,0,0,0,0,4.42,0,0,0,0,46.5,7.76,41.3,0,0,0,0,0,0,0,0,3.17,0.7,0.04,0,0,51.8,8.69,27.1,0.18,0.13,8.15,0,0,0,0,0,17.3,0,0,0,0,17,12.8,52.9,0,0,0,0,0,0,0,0,4.14,0.58,0.04,0,0,51.7,6.52,28.6,0.25,0.1,8.01,0,0,0,0,0,4.42,0,0,0,0,46.5,7.76,41.3,0,0,0,0,0,0,0,0,3.18,0.7,0.04,0,0,51.6,8.72,27,0.43,0.35,7.95,0,0,0,0,0,17.3,0,0,0,0,17,12.8,52.9,0,0,0,0,0,0,0,0,4.14,0.58,0.04,0,0,51.8,6.58,28.6,0.39,0,7.85,0,0,0,0,0,4.42,0,0,0,0,46.5,7.76,41.3,0,0,0,0,0,0,0,0,3.15,0.71,0.05,0,0,51.1,8.56,26.5,0.34,1.86,7.71,0,0,0,0,0,17.3,0,0,0,0,17,12.8,52.9,0,0,0,0,0,0,0,0,4.12,0.6,0.04,0,0,51.8,6.6,28.7,0.6,0.27,7.22,0,0,0,0,0,4.42,0,0,0,0,46.5,7.76,41.3,0,0,0,0,0,0,0,0,3.15,0.72,0.05,0,0,51.4,8.55,26.5,1.94,0.07,7.62,0,0,0,0,0,17.3,0,0,0,0,17,12.8,52.9,0,0,0,0,0,0,0,0,4.12,0.6,0.04,0,0,52.4,6.58,28.8,0.46,0,7.1,0,0,0,0,0,4.42,0,0,0,0,46.5,7.76,41.3,0,0,0,0,0,0,0,0,3.15,0.72,0.05,0,0,51.7,8.55,26.7,1.42,0.22,7.49,0,0,0,0,0,17.3,0,0,0,0,17,12.8,52.9,0,0,0,0,0,0,0,0,4.12,0.6,0.04,0,0,52.7,6.58,28.8,0.14,0,7.08,0,0,0,0,0,4.42,0,0,0,0,46.5,7.76,41.3,0,0,0,0,0,0,0,0,3.13,0.72,0.07,0,0,52.7,8.58,26.7,0.32,0.26,7.49,0,0,0,0,0,17.3,0,0,0,0,17,12.8,52.9,0,0,0,0,0,0,0,0,4.06,0.62,0.08,0,0,52.8,6.58,28.8,0.04,0,7.08,0,0,0,0,0,0,0,1030,29400,696,23700,0.0462,0.29,30,30.9,1590,1630,1530,1540,1180,21.3,14.5,-4.2,1190,21.1,14.6,-4.16,14.6,14.6,14.6,14.5,21,20.4,20.9,20.9,5.05,5.07,5.09,4.36,0.98,1.6,1.02,1.75,0.0834,0.0322,0.0188,0.013,249,279,448,448,6.34,6.34,29.9,30.8,34.3,33.4,181,180,0.581,0.553,4.3,4.56,120,130,1.63,1.63,2.46,2.46,1.63,1.63,2.46,2.46,661,685,0,0,0,0,0,0
5,7751394,Lewis Prong-Panther,Lewis Prong,7751394,35.7222,-93.51254,1.11102E+13,37.2,0.713,563,436,100,100,0.51,0.4,0,0.08,0.0505,0.0502,0.189,0.406,1.84,1.13,0,0,0,0,0,0,100,0,0,0,0,0,0,100,24,24.4,0,0,0,0,0,0,0,0,0.369,0.391,6.51,6.41,2.68,4.51,3.99,3.76,71.5,68,0.764,0.898,0.948,0.991,0.223,0.283,1.39,1.36,0.17,0.175,0.203,0.188,0.06,0.09,0.06,0.09,0.06,0.09,0.06,0.09,0.06,0.09,0.06,0.1,0.06,0.09,0.06,0.09,0.204,6.86,100,100,0.17,0.03,0.17,0.03,0.17,0.03,0.17,0.03,0.17,0.03,0.17,0.03,0.17,0.03,0.17,0.03,0.0035,0.0044,0.28,0.28,0,0,0,0,0,100,0,0,0,0,0,0,0,0,0,0,0,0,0,0,0,0,0,100,0,0,0,0,0,0,0,0,0,0,0,0,0,0,0,0,0,0,0,0,0,0,715,711,11.4,11.3,5.75,5.72,4.1,4.07,0,0,3.66,0,0,0,0,94.4,0,0.88,0,0,1.01,0,0,0,0,0,2.47,0.03,0,0,0,93.9,1.07,0.97,0.12,0,1.45,0,0,0,0,0,10.6,0,0,0,0,84.1,0,2.64,0,0,2.64,0,0,0,0,0,0.83,0.01,0,0,0,97.8,0.41,0.54,0.35,0,0.08,0,0,0,0,0,3.66,0,0,0,0,94.4,0,0.88,0,0,1.01,0,0,0,0,0,2.47,0.03,0,0,0,93.8,1.07,0.97,0.13,0.1,1.46,0,0,0,0,0,10.6,0,0,0,0,84.1,0,2.64,0,0,2.64,0,0,0,0,0,0.83,0.01,0,0,0,97.8,0.41,0.54,0.35,0,0.08,0,0,0,0,0,3.66,0,0,0,0,94.4,0,0.88,0,0,1.01,0,0,0,0,0,2.49,0.04,0,0,0,93.8,1.07,0.97,0.07,0.16,1.44,0,0,0,0,0,10.6,0,0,0,0,84.1,0,2.64,0,0,2.64,0,0,0,0,0,0.83,0.01,0,0,0,98.1,0.41,0.54,0,0,0.08,0,0,0,0,0,3.66,0,0,0,0,94.4,0,0.88,0,0,1.01,0,0,0,0,0,2.49,0.04,0,0,0,93.5,1.07,0.97,0.07,0.42,1.44,0,0,0,0,0,10.6,0,0,0,0,84.1,0,2.64,0,0,2.64,0,0,0,0,0,0.83,0.01,0,0,0,98.1,0.41,0.54,0,0.03,0.08,0,0,0,0,0,3.66,0,0,0,0,94.4,0,0.88,0,0,1.01,0,0,0,0,0,2.49,0.04,0,0,0,93.6,1.07,0.97,0.25,0.18,1.44,0,0,0,0,0,10.6,0,0,0,0,84.1,0,2.64,0,0,2.64,0,0,0,0,0,0.83,0.01,0,0,0,98.1,0.41,0.54,0.01,0.01,0.08,0,0,0,0,0,3.66,0,0,0,0,94.4,0,0.88,0,0,1.01,0,0,0,0,0,2.49,0.04,0,0,0,93.8,1.07,0.97,0.16,0.1,1.44,0,0,0,0,0,10.6,0,0,0,0,84.1,0,2.64,0,0,2.64,0,0,0,0,0,0.83,0.01,0,0,0,98.1,0.41,0.54,0.01,0,0.08,0,0,0,0,0,3.66,0,0,0,0,94.4,0,0.88,0,0,1.01,0,0,0,0,0,2.49,0.04,0,0,0,93.5,1.07,0.97,0.4,0.08,1.43,0,0,0,0,0,10.6,0,0,0,0,84.1,0,2.64,0,0,2.64,0,0,0,0,0,0.83,0.01,0,0,0,98.1,0.41,0.54,0,0,0.08,0,0,0,0,0,3.66,0,0,0,0,94.4,0,0.88,0,0,1.01,0,0,0,0,0,2.52,0.04,0.01,0,0,93.4,1.07,0.97,0.27,0.31,1.45,0,0,0,0,0,10.6,0,0,0,0,84.1,0,2.64,0,0,2.64,0,0,0,0,0,0.83,0.01,0,0,0,97.8,0.41,0.54,0,0.34,0.08,0,0,0,0,0,0,0,1040,52200,700,34600,0.00139,0.114,53,49.8,1960,1890,1660,1610,1370,20.3,14.6,-3.84,1370,19.5,14.2,-3.79,14.7,14.7,14.7,14.3,22.4,22,22.4,21.9,4.94,5.14,5.09,4.33,1.04,0.757,1.54,0.547,0.0421,0.0121,0.0024,0.004,350,347,525,524,2.79,1.66,29.5,29.5,34.1,34.1,183,183,0.95,0.95,5.07,5.07,108,108,1.16,0.984,1.87,1.52,1.16,0.975,1.87,1.51,701,669,0,0,0,0,0,0
6,11830282,Cap Fork-North Sylamore,Cap Fork,11830282,36.01832,-92.25153,1.101E+13,33,0.018,296,172,100,100,0,0.96,0,0.29,0,0.0424,0,0.424,0,0.959,0,0,0,100,0,0,0,0,0,0,100,0,0,0,35,35,0,0,0,0,0,0,0,0,0.339,0.337,3.63,2.39,16.8,34.4,1.5,1.29,38.8,26.2,10.2,1.28,0.0317,0.196,0.0704,0.194,0.916,0.48,0.0515,0.0418,0.259,0.0244,0.2,0.28,0.2,0.28,0.2,0.28,0.2,0.28,0.2,0.32,0.2,0.33,0.2,0.32,0.2,0.28,0.018,8.22,100,100,0.2,0.07,0.2,0.07,0.2,0.07,0.2,0.07,0.2,0.07,0.2,0.07,0.2,0.07,0.2,0.07,0,0.0052,0.29,0.371,0,100,0,0,0,0,0,0,0,0,0,0,0,0,0,0,0,0,0,100,0,0,0,0,0,0,0,0,0,0,0,0,0,0,0,0,0,0,0,0,0,0,0,0,0,0,580,585,9.46,9.56,4.52,4.56,3.07,3.1,0,0,20,0,0,0,0,35,15,30,0,0,0,0,0,0,0.02,0,3.3,0.5,0.01,0,0.02,81.2,7.23,5.72,0.2,0.02,1.8,0,0,0,0,0,20,0,0,0,0,35,15,30,0,0,0,0,0,0,0.07,0,0.47,0.15,0.01,0,0.07,81.2,6.84,10.2,0.15,0,0.78,0,0,0,0,0,20,0,0,0,0,35,15,30,0,0,0,0,0,0,0.02,0,3.3,0.5,0.02,0,0.02,81.2,7.23,5.71,0.32,0.02,1.68,0,0,0,0,0,20,0,0,0,0,35,15,30,0,0,0,0,0,0,0.07,0,0.47,0.15,0.01,0,0.07,81.2,6.84,10.2,0.21,0,0.72,0,0,0,0,0,20,0,0,0,0,35,15,30,0,0,0,0,0,0,0,0,3.3,0.5,0.02,0,0.02,81.3,7.23,5.71,0.14,0.13,1.68,0,0,0,0,0,20,0,0,0,0,35,15,30,0,0,0,0,0,0,0.01,0,0.47,0.15,0.01,0,0.07,81.4,6.84,10.2,0.05,0,0.72,0,0,0,0,0,20,0,0,0,0,35,15,30,0,0,0,0,0,0,0.03,0,3.3,0.5,0.02,0,0.02,81.3,7.24,5.7,0.16,0.02,1.68,0,0,0,0,0,20,0,0,0,0,35,15,30,0,0,0,0,0,0,0.12,0,0.47,0.15,0.01,0,0.07,81.4,6.84,10.2,0.05,0,0.72,0,0,0,0,0,20,0,0,0,0,35,15,30,0,0,0,0,0,0,0,0,3.29,0.5,0.02,0,0.02,81.4,7.25,5.75,0.02,0.03,1.69,0,0,0,0,0,20,0,0,0,0,35,15,30,0,0,0,0,0,0,0.01,0,0.47,0.15,0.01,0,0.07,81.5,6.85,10.2,0,0,0.72,0,0,0,0,0,20,0,0,0,0,35,15,30,0,0,0,0,0,0,0.03,0,3.24,0.51,0.06,0,0.02,80.5,7.25,5.69,0.04,1,1.67,0,0,0,0,0,20,0,0,0,0,35,15,30,0,0,0,0,0,0,0.12,0,0.47,0.15,0.01,0,0.07,80.6,6.85,10.2,0.07,0.8,0.72,0,0,0,0,0,20,0,0,0,0,35,15,30,0,0,0,0,0,0,0,0,3.23,0.51,0.07,0,0.02,80.6,7.25,5.69,0.92,0.02,1.67,0,0,0,0,0,20,0,0,0,0,35,15,30,0,0,0,0,0,0,0.01,0,0.47,0.15,0.01,0,0.07,80.9,6.85,10.2,0.66,0,0.72,0,0,0,0,0,20,0,0,0,0,35,15,30,0,0,0,0,0,0,0,0,3.23,0.5,0.07,0.01,0.02,80.5,7.24,5.69,0.89,0.16,1.67,0,0,0,0,0,20,0,0,0,0,35,15,30,0,0,0,0,0,0,0.01,0,0.47,0.15,0.01,0,0.07,80.9,6.85,10.2,0.6,0,0.72,0,0,0,0,0,0,0,18.4,37400,12.6,27100,0,0.0876,33,33,1640,1680,1550,1590,1220,21.4,14.6,-4,1220,21,14.7,-3.86,14.7,14.7,14.6,14.6,21.6,20.9,21.5,21.5,4.93,4.95,5.02,4.28,2.77,0.976,2.77,0.824,1.67,6.00E-04,0.0027,0.0016,232,270,448,448,1.93,4.7,30.1,36,33.6,26.1,181,179,0.59,0.57,4.22,4.5,117,137,1.52,1.59,2.4,2.44,1.52,1.58,2.4,2.44,680,620,0,0,0,0,0,0
7,7765041,Little Piney,Little Piney Creek,7765041,35.64925,-93.34653,1.11102E+13,61.8,6.02,453,364,100,100,0.43,0.4,0,0.11,0.0281,0.121,0.105,0.453,1.03,4.41,0,0,0,0,0,0,100,0,0,0,0,0,0,100,25,24.7,0,0,0,0,0,0.0162,1600,1300,0.346,0.353,6.62,6.59,0.714,1.31,4.23,4.16,75.3,74.1,0.62,0.664,0.902,0.916,0.159,0.178,1.42,1.41,0.164,0.165,0.22,0.215,0.29,0.19,0.29,0.19,0.29,0.19,0.29,0.18,0.29,0.19,0.36,0.21,0.29,0.19,0.29,0.18,0.731,11.5,100,100,0.59,0.12,1.17,0.16,0.59,0.12,0.59,0.12,0.59,0.12,0.59,0.12,0.59,0.13,0.59,0.13,0.002,0.0088,0.28,0.281,0,0,0,0,0,100,0,0,0,0,0,0,0,0,0,0,0,0,0,0,0,0,0,100,0,0,0,0,0,0,0,0,0,0,0,0,0,0,0,0,0,0,0,0.0162,1600,1300,720,731,11.5,11.7,5.75,5.85,4.05,4.14,0,0,4.38,0.22,0,0,0,52.2,32,9.55,0,0,1.37,0,0.21,0.03,0.09,0,3.18,0.13,0,0,0,66.8,18.8,7.48,0.43,0.21,2.91,0,0.02,0,0,0,5.05,0.74,0,0,0,54.3,21.7,11.1,0,0,5.17,0,1.72,0.25,0.03,0,2.51,0.07,0,0,0,78.8,8.79,6.76,0.25,0.11,2.5,0,0.13,0.02,0,0,4.38,0.22,0,0,0,51.6,32,9.55,0,0.63,1.37,0,0.21,0.03,0.09,0,3.19,0.13,0,0,0,66.5,18.9,7.56,0.32,0.37,2.9,0,0.02,0,0,0,5.05,0.74,0,0,0,53.6,21.7,11.1,0,0.74,5.17,0,1.72,0.25,0.03,0,2.51,0.07,0,0,0,78.8,8.82,6.75,0.22,0.15,2.51,0,0.13,0.02,0,0,4.38,0.22,0,0,0,51.3,32,9.28,0.57,0.84,1.18,0,0.21,0.03,0.09,0,3.21,0.13,0,0,0,66.2,18.4,7.5,0.31,1.3,2.81,0,0.02,0,0,0,5.05,0.74,0,0,0,53.6,21.7,11.1,0.49,0.37,5.05,0,1.72,0.25,0.03,0,2.54,0.07,0,0,0,78.6,8.82,6.74,0.14,0.42,2.51,0,0.13,0.02,0,0,4.38,0.22,0,0,0,51.5,32,9.35,0.97,0.34,0.96,0,0.21,0.03,0.09,0,3.21,0.13,0,0,0,66.2,18.5,7.51,1.23,0.25,2.8,0,0.02,0,0,0,5.05,0.74,0,0,0,53.6,21.7,11.1,0.86,0.37,4.68,0,1.72,0.25,0.03,0,2.54,0.07,0,0,0,78.6,8.82,6.74,0.34,0.24,2.49,0,0.13,0.02,0,0,4.38,0.22,0,0,0,47.5,31.8,9.32,0.42,5.1,0.96,0,0.21,0.03,0.09,0,3.21,0.13,0,0,0,65.8,18.5,7.51,1.02,1.01,2.74,0,0.02,0,0,0,5.05,0.74,0,0,0,52,20,11.4,0,4.19,4.68,0,1.72,0.25,0.04,0,2.54,0.07,0,0,0,78.2,8.63,6.76,0.3,0.84,2.49,0,0.13,0.02,0,0,4.38,0.22,0,0,0,46.9,31.2,9.26,4.99,1.82,0.96,0,0.21,0.03,0.09,0,3.2,0.13,0.01,0,0,65.7,18.8,7.52,0.99,0.78,2.77,0,0.02,0,0,0,5.05,0.74,0,0,0,52,20,11.4,4.19,0,4.68,0,1.72,0.25,0.04,0,2.54,0.07,0.01,0,0,78.2,8.64,6.75,0.97,0.2,2.49,0,0.13,0.02,0,0,4.38,0.22,0,0,0,46.9,31.2,9.28,6.59,0.21,0.96,0,0.21,0.03,0.09,0,3.2,0.13,0.01,0,0,65.6,18.8,7.53,1.3,0.56,2.73,0,0.02,0,0,0,5.05,0.74,0,0,0,52,20,11.6,4.06,0,4.68,0,1.72,0.25,0.03,0,2.54,0.07,0.01,0,0,78.2,8.64,6.76,0.98,0.11,2.49,0,0.13,0.02,0,0,4.57,0.24,0.06,0.03,0,51.4,31,9.26,2,0.21,0.93,0,0.21,0.03,0.09,0,3.34,0.14,0.02,0,0.03,65.8,18.7,7.51,0.68,0.99,2.73,0,0.02,0,0,0,6.65,0.86,0.49,0.25,0,53.6,18.5,11.4,1.85,0,4.43,0,1.72,0.25,0.03,0,2.64,0.08,0.04,0.02,0,78.5,8.53,6.74,0.39,0.41,2.47,0,0.13,0.02,0,0,0,0,7590,99200,5030,72700,0.148,0.139,47.7,51,2080,2050,1680,1710,1350,20.6,14.9,-3.03,1370,20.1,14.5,-3.31,15,15,15,14.9,22.7,22.5,22.7,22.4,4.84,5.04,5.04,4.26,1.17,0.955,1.42,0.884,0.0149,0.0041,0.0078,0.0105,344,343,534,534,2.79,2.79,29.5,29.4,34.1,34,183,182,0.95,0.953,5.07,4.99,108,107,1.57,1.56,2.77,2.77,1.57,1.56,2.77,2.77,676,661,0,0,0,0,0,0
8,7751470,Cove,Cove Creek,7751470,35.70118,-93.83622,1.11102E+13,16.7,0.698,468,298,100,100,0,1.47,0,1.38,0,0.0539,0,0.216,0,2.98,0,0,0,0,0,0,100,0,0,0,0,0,0,100,23,23,0,0,0,0,0,0,0,0,0.444,0.396,6.54,6.42,6.86,4.72,3,3.7,63.1,67.6,1.22,0.924,0.804,0.977,0.337,0.288,1.43,1.36,0.143,0.173,0.182,0.187,0.12,0.04,0.12,0.04,0.12,0.04,0.12,0.04,0.12,0.04,0.12,0.06,0.12,0.04,0.12,0.04,0.189,2.85,100,100,0.27,0.02,0.27,0.02,0.27,0.02,0.27,0.02,0.27,0.02,0.27,0.02,0.27,0.02,0.27,0.02,0,0.005,0.28,0.28,0,0,0,0,0,100,0,0,0,0,0,0,0,0,0,0,0,0,0,0,0,0,0,100,0,0,0,0,0,0,0,0,0,0,0,0,0,0,0,0,0,0,0,0,0,0,636,652,10.1,10.3,5.17,5.3,3.74,3.84,0,0,3.74,0.13,0,0,0,43.1,49.4,3.1,0,0,0.52,0,0,0,0,0,1.91,0.01,0,0,0,92.7,3.95,0.76,0,0.03,0.65,0,0,0,0,0,1.43,0.48,0,0,0,63.8,31.9,2.38,0,0,0,0,0,0,0,0,0.32,0.03,0,0,0,95.8,3.12,0.76,0,0,0,0,0,0,0,0,3.74,0.13,0,0,0,42.8,49.4,3.1,0.26,0,0.52,0,0,0,0,0,1.91,0.01,0,0,0,92.6,3.95,0.76,0.03,0.1,0.65,0,0,0,0,0,1.43,0.48,0,0,0,63.8,31.9,2.38,0,0,0,0,0,0,0,0,0.32,0.03,0,0,0,95.8,3.12,0.76,0,0,0,0,0,0,0,0,3.74,0.13,0,0,0,43.1,49.4,3.1,0.52,0,0,0,0,0,0,0,1.91,0.01,0,0,0,92.4,3.95,0.76,0.08,0.3,0.63,0,0,0,0,0,1.43,0.48,0,0,0,63.8,31.9,2.38,0,0,0,0,0,0,0,0,0.32,0.03,0,0,0,95.6,3.12,0.76,0,0.13,0,0,0,0,0,0,3.74,0.13,0,0,0,43.6,49.4,3.1,0,0,0,0,0,0,0,0,1.91,0.01,0,0,0,92.5,3.95,0.76,0.24,0.03,0.63,0,0,0,0,0,1.43,0.48,0,0,0,63.8,31.9,2.38,0,0,0,0,0,0,0,0,0.32,0.03,0,0,0,95.6,3.12,0.76,0.13,0,0,0,0,0,0,0,3.74,0.13,0,0,0,43.4,49.3,3.1,0,0.39,0,0,0,0,0,0,1.91,0.01,0,0,0,92.6,3.95,0.76,0.14,0.15,0.53,0,0,0,0,0,1.43,0.48,0,0,0,63.8,31.9,2.38,0,0,0,0,0,0,0,0,0.32,0.03,0,0,0,95.8,3.12,0.76,0,0,0,0,0,0,0,0,3.74,0.13,0,0,0,43.4,49.3,3.1,0.13,0.26,0,0,0,0,0,0,1.91,0.01,0,0,0,92.6,3.95,0.76,0.12,0.1,0.53,0,0,0,0,0,1.43,0.48,0,0,0,63.8,31.9,2.38,0,0,0,0,0,0,0,0,0.32,0.03,0,0,0,95.7,3.12,0.76,0,0.06,0,0,0,0,0,0,3.74,0.13,0,0,0,42.8,49.4,3.1,0.26,0,0.52,0,0,0,0,0,1.9,0.02,0.01,0,0,92.7,3.95,0.76,0.07,0.03,0.56,0,0,0,0,0,1.43,0.48,0,0,0,63.8,31.9,2.38,0,0,0,0,0,0,0,0,0.32,0.03,0,0,0,95.7,3.12,0.76,0.06,0,0,0,0,0,0,0,3.74,0.13,0,0,0,42.8,49.4,3.1,0.26,0,0.52,0,0,0,0,0,1.87,0.04,0.01,0,0,92.7,3.95,0.76,0.07,0.03,0.55,0,0,0,0,0,1.43,0.48,0,0,0,63.8,31.9,2.38,0,0,0,0,0,0,0,0,0.32,0.03,0,0,0,95.7,3.12,0.76,0.06,0,0,0,0,0,0,0,0,0,913,27000,565,18500,0.00543,0.0196,51.9,51.3,1680,1700,1530,1530,1390,21.2,15.1,-2.7,1440,20.1,14.6,-3.07,14.8,14.7,14.8,14.6,21.8,21.4,21.8,21.3,4.53,4.76,4.76,3.88,1.04,0.481,1.11,0.374,0.043,0.0219,0.009,0.0236,476,431,525,521,2.37,2.37,29.5,29.5,34.1,34.1,183,183,0.95,0.95,5.07,5.07,108,108,1.59,1.59,3.59,3.59,1.59,1.59,3.59,3.59,720,646,0,0,0,0,0,0
9,7751518,Lick Branch-Little Mulberry,Lick Branch,7751518,35.70973,-93.66114,1.11102E+13,12.6,12.6,451,451,100,100,0.52,0.52,0.02,0.02,0.124,0.124,0.464,0.464,4.51,4.51,0,0,0,0,0,0,100,0,0,0,0,0,0,100,24,24,0,0,0,0,0,0,0,0,0.4,0.4,6.37,6.37,5.25,5.25,3.67,3.67,66.6,66.6,0.952,0.952,1.01,1.01,0.307,0.307,1.35,1.35,0.178,0.178,0.181,0.181,0.07,0.07,0.07,0.07,0.07,0.07,0.07,0.07,0.07,0.07,0.11,0.11,0.07,0.07,0.07,0.07,1.58,1.58,100,100,0.16,0.16,0.3,0.3,0.16,0.16,0.16,0.16,0.16,0.16,0.16,0.16,0.16,0.16,0.16,0.16,0.0087,0.0087,0.28,0.28,0,0,0,0,0,100,0,0,0,0,0,0,0,0,0,0,0,0,0,0,0,0,0,100,0,0,0,0,0,0,0,0,0,0,0,0,0,0,0,0,0,0,0,0,0,0,667,667,10.6,10.6,5.4,5.4,3.88,3.88,0.01,0,3.49,0.01,0,0,0,91.1,1.67,0.26,0.47,0,2.98,0,0,0,0.01,0,3.49,0.01,0,0,0,91.1,1.67,0.26,0.47,0,2.98,0,0,0,0,0,6.09,0.11,0,0,0,88.5,0,0,0,0,5.29,0,0,0,0,0,6.09,0.11,0,0,0,88.5,0,0,0,0,5.29,0,0,0,0.01,0,3.49,0.01,0,0,0,90.7,1.67,0.26,0.54,0.29,3.04,0,0,0,0.01,0,3.49,0.01,0,0,0,90.7,1.67,0.26,0.54,0.29,3.04,0,0,0,0,0,6.09,0.11,0,0,0,88.5,0,0,0,0,5.29,0,0,0,0,0,6.09,0.11,0,0,0,88.5,0,0,0,0,5.29,0,0,0,0.01,0,3.49,0.01,0,0,0,91.2,1.67,0.26,0.14,0.28,2.91,0,0,0,0.01,0,3.49,0.01,0,0,0,91.2,1.67,0.26,0.14,0.28,2.91,0,0,0,0,0,6.09,0.11,0,0,0,88.5,0,0,0,0,5.29,0,0,0,0,0,6.09,0.11,0,0,0,88.5,0,0,0,0,5.29,0,0,0,0.01,0,3.49,0.01,0,0,0,91.3,1.67,0.26,0.26,0.07,2.91,0,0,0,0.01,0,3.49,0.01,0,0,0,91.3,1.67,0.26,0.26,0.07,2.91,0,0,0,0,0,6.09,0.11,0,0,0,88.5,0,0,0,0,5.29,0,0,0,0,0,6.09,0.11,0,0,0,88.5,0,0,0,0,5.29,0,0,0,0.01,0,3.49,0.01,0,0,0,91.4,1.67,0.26,0.19,0.07,2.86,0,0,0,0.01,0,3.49,0.01,0,0,0,91.4,1.67,0.26,0.19,0.07,2.86,0,0,0,0,0,6.09,0.11,0,0,0,88.5,0,0,0,0,5.29,0,0,0,0,0,6.09,0.11,0,0,0,88.5,0,0,0,0,5.29,0,0,0,0.01,0,3.49,0.01,0,0,0,91.6,1.67,0.28,0.08,0.04,2.83,0,0,0,0.01,0,3.49,0.01,0,0,0,91.6,1.67,0.28,0.08,0.04,2.83,0,0,0,0,0,6.09,0.11,0,0,0,88.5,0,0,0,0,5.29,0,0,0,0,0,6.09,0.11,0,0,0,88.5,0,0,0,0,5.29,0,0,0,0.01,0,3.49,0.01,0,0,0,91.4,1.67,0.26,0.27,0.03,2.88,0,0,0,0.01,0,3.49,0.01,0,0,0,91.4,1.67,0.26,0.27,0.03,2.88,0,0,0,0,0,6.09,0.11,0,0,0,88.5,0,0,0,0,5.29,0,0,0,0,0,6.09,0.11,0,0,0,88.5,0,0,0,0,5.29,0,0,0,0.01,0,3.8,0.09,0.01,0,0,86.8,1.67,0.26,0.21,4.3,2.88,0,0,0,0.01,0,3.8,0.09,0.01,0,0,86.8,1.67,0.26,0.21,4.3,2.88,0,0,0,0,0,8.48,0.28,0,0,0,82.8,0,0,0,3.13,5.29,0,0,0,0,0,8.48,0.28,0,0,0,82.8,0,0,0,3.13,5.29,0,0,0,0,0,0,0,21800,21800,15700,15700,0.284,0.284,45,45,1750,1750,1550,1550,1360,20.3,14.6,-3.06,1360,20.3,14.6,-3.06,14.7,14.7,14.8,14.6,21.5,21.2,21.5,21,4.79,4.98,4.98,4.27,1.51,1.51,1.66,1.66,0.0143,0.0159,0.0143,0.0159,365,365,525,525,2.79,2.79,29.5,29.5,34.1,34.1,183,183,0.95,0.95,5.07,5.07,108,108,1.16,1.16,1.87,1.87,1.16,1.16,1.87,1.87,672,672,0,0,0,0,0,0
10,7751600,Mulberry, ,7751600,35.68825,-93.44996,1.11102E+13,19.5,0.303,534,461,100,100,0,0.39,0,0.01,0,0.0706,0,0.322,0,2.6,0,0,0,0,0,0,100,0,0,0,0,0,0,100,23.5,24.7,0,0,0,0,0,0,0,0,0.346,0.346,6.62,6.62,0.714,0.714,4.23,4.23,75.3,75.3,0.62,0.62,0.902,0.902,0.159,0.159,1.42,1.42,0.164,0.164,0.22,0.22,0.1,0.36,0.1,0.36,0.1,0.36,0.1,0.35,0.1,0.36,0.1,0.39,0.1,0.36,0.1,0.36,0.11,5.16,100,100,0.09,0.29,0.09,0.3,0.09,0.29,0.09,0.29,0.09,0.28,0.09,0.28,0.09,0.29,0.09,0.29,0,0.0051,0.28,0.28,0,0,0,0,0,100,0,0,0,0,0,0,0,0,0,0,0,0,0,0,0,0,0,100,0,0,0,0,0,0,0,0,0,0,0,0,0,0,0,0,0,0,0,0,0,0,752,741,12,11.9,6.03,5.94,4.27,4.21,0,0,4.45,0,0,0,0,74.5,14.5,6.53,0,0,0,0,0,0,0.02,0,4.18,0.4,0.01,0,0,83.3,5.77,4.06,0.12,0.47,1.69,0,0,0,0,0,1.64,0,0,0,0,82.8,4.1,11.5,0,0,0,0,0,0,0.03,0,3.59,0.21,0.02,0,0,89.7,3.09,2.22,0.07,0.07,1.03,0,0,0,0,0,4.45,0,0,0,0,74.5,14.5,6.53,0,0,0,0,0,0,0.03,0,4.18,0.41,0.02,0,0,82,5.7,4.02,0.42,1.57,1.71,0,0,0,0,0,1.64,0,0,0,0,82.8,4.1,11.5,0,0,0,0,0,0,0.03,0,3.59,0.21,0.02,0,0,89.4,3.09,2.22,0.07,0.31,1.03,0,0,0,0,0,4.45,0,0,0,0,74.5,14.5,6.53,0,0,0,0,0,0,0.02,0,4.19,0.41,0.02,0,0,81.7,5.68,4.03,0.17,2.08,1.69,0,0,0,0,0,1.64,0,0,0,0,82.8,4.1,11.5,0,0,0,0,0,0,0.03,0,3.59,0.21,0.03,0,0,89.1,3.09,2.22,0.02,0.68,1.03,0,0,0,0,0,4.45,0,0,0,0,74.5,14.5,6.53,0,0,0,0,0,0,0.03,0,4.19,0.41,0.02,0,0,81.5,5.68,4.03,1.54,0.87,1.7,0,0,0,0,0,1.64,0,0,0,0,82.8,4.1,11.5,0,0,0,0,0,0,0.03,0,3.59,0.21,0.03,0,0,89.1,3.09,2.22,0.38,0.31,1.03,0,0,0,0,0,4.45,0,0,0,0,74.5,14.5,6.53,0,0,0,0,0,0,0.02,0,4.19,0.41,0.02,0,0,81.9,6.15,4.04,0.74,0.89,1.68,0,0,0,0,0,1.64,0,0,0,0,82.8,4.1,11.5,0,0,0,0,0,0,0.03,0,3.59,0.21,0.03,0,0,89.1,3.09,2.22,0.38,0.31,1.03,0,0,0,0,0,4.45,0,0,0,0,74.5,14.5,6.53,0,0,0,0,0,0,0.03,0,4.18,0.41,0.03,0,0,82.1,6.11,4.04,0.66,0.77,1.68,0,0,0,0,0,1.64,0,0,0,0,82.8,4.1,11.5,0,0,0,0,0,0,0.03,0,3.59,0.21,0.03,0,0,89.4,3.07,2.22,0.3,0.09,1.03,0,0,0,0,0,4.45,0,0,0,0,74.5,14.5,6.53,0,0,0,0,0,0,0.03,0,4.18,0.41,0.03,0,0,82.3,6.14,4.04,0.61,0.57,1.7,0,0,0,0,0,1.64,0,0,0,0,82.8,4.1,11.5,0,0,0,0,0,0,0.03,0,3.59,0.21,0.03,0,0,89.7,3.07,2.22,0.07,0.07,1.03,0,0,0,0,0,4.45,0,0,0,0,70.3,14.5,6.53,0,4.15,0,0,0,0,0.03,0,4.81,0.39,0.06,0.01,0,81.7,6.09,3.95,0.41,0.9,1.7,0,0,0,0,0,1.64,0,0,0,0,82.8,4.1,11.5,0,0,0,0,0,0,0.03,0,4.15,0.19,0.05,0,0,89.1,2.97,2.09,0.05,0.33,1.03,0,0,0,0,0,0,0,394,28700,248,19900,0.028,0.131,55,53.5,2040,2000,1720,1710,1370,20.1,14.5,-3.29,1390,19.7,14.2,-3.42,14.5,14.5,14.5,13.7,21.7,21.3,21.7,21.1,4.74,4.86,4.83,4.2,0.914,1.53,1.78,1.67,0,0,0.0108,0.0182,349,326,525,526,2.79,2.56,29.5,29.5,34.1,34.1,183,183,0.95,0.95,5.07,5.07,108,108,1.16,1.14,1.87,1.84,1.16,1.12,1.87,1.8,680,655,0,0,0,0,0,0
11,11830552,North Sylamore,North Sylamore Creek,11830552,36.0197,-92.25059,1.101E+13,85.2,1.25,297,235,100,100,0,0.39,0,0.21,0,0.0141,0,0.16,0,0.284,0,0,0,100,0,0,0,0,0,0,100,0,0,0,34.4,35.3,0,0,0,0,0,0,0,0,0.332,0.329,2.79,2.5,29.6,32.2,1.35,1.3,28,27.2,4.53,2.75,0.133,0.161,0.152,0.172,0.638,0.538,0.0424,0.0423,0.115,0.0647,0.28,0.18,0.28,0.18,0.28,0.18,0.28,0.18,0.28,0.18,0.28,0.18,0.28,0.18,0.28,0.18,0.255,21.9,100,100,0.32,0.06,0.32,0.06,0.32,0.06,0.32,0.06,0.32,0.06,0.32,0.06,0.32,0.06,0.32,0.06,0,0.0018,0.354,0.356,0,100,0,0,0,0,0,0,0,0,0,0,0,0,0,0,0,0,0,100,0,0,0,0,0,0,0,0,0,0,0,0,0,0,0,0,0,0,0,0,0,0,0,0,0,0,582,581,9.49,9.49,4.54,4.53,3.09,3.08,0,0,6.18,0.07,0,0,0.36,69.3,11.1,12.9,0,0,0,0,0,0,0.01,0,2.69,0.23,0,0,0.01,79.8,6.64,9.76,0.17,0.04,0.65,0,0,0,0,0,4.24,0.35,0,0,1.77,56.9,3.53,33.2,0,0,0,0,0,0,0.05,0,1.07,0.06,0,0,0.02,81.6,4.23,12.8,0.03,0,0.09,0,0,0,0,0,6.18,0.07,0,0,0.36,69.3,11.1,12.9,0,0,0,0,0,0,0.01,0,2.69,0.23,0,0,0.01,79.8,6.64,9.78,0.17,0.05,0.62,0,0,0,0,0,4.24,0.35,0,0,1.77,56.9,3.53,33.2,0,0,0,0,0,0,0.05,0,1.07,0.06,0,0,0.02,81.6,4.23,12.8,0.06,0,0.06,0,0,0,0,0,6.18,0.07,0,0,0.36,69.3,11.1,12.9,0,0,0,0,0,0,0,0,2.69,0.23,0,0,0.01,79.8,6.64,9.79,0.07,0.19,0.62,0,0,0,0,0,4.24,0.35,0,0,1.77,56.9,3.53,33.2,0,0,0,0,0,0,0,0,1.07,0.06,0,0,0.02,81.6,4.23,12.9,0.02,0.02,0.06,0,0,0,0,0,6.18,0.07,0,0,0.36,69.3,11.1,12.9,0,0,0,0,0,0,0,0,2.69,0.23,0,0,0.01,79.6,6.64,9.8,0.22,0.15,0.62,0,0,0,0,0,4.24,0.35,0,0,1.77,56.9,3.53,33.2,0,0,0,0,0,0,0.01,0,1.07,0.06,0,0,0.02,81.6,4.23,12.9,0.03,0.01,0.07,0,0,0,0,0,6.18,0.07,0,0,0.36,69.3,11.1,12.9,0,0,0,0,0,0,0,0,2.69,0.23,0,0,0.01,78.9,6.48,9.58,0.08,1.41,0.63,0,0,0,0,0,4.24,0.35,0,0,1.77,56.9,3.53,33.2,0,0,0,0,0,0,0.01,0,1.07,0.06,0,0,0.02,81,4.08,12.6,0.03,1.06,0.08,0,0,0,0,0,6.18,0.07,0,0,0.36,69.3,11.1,12.9,0,0,0,0,0,0,0,0,2.69,0.23,0,0,0.01,78.8,6.43,9.57,1.33,0.3,0.61,0,0,0,0,0,4.24,0.35,0,0,1.77,56.9,3.53,33.2,0,0,0,0,0,0,0.01,0,1.07,0.06,0,0,0.02,80.8,4.08,12.6,1.07,0.21,0.07,0,0,0,0,0,6.18,0.07,0,0,0.36,69.3,11.1,12.9,0,0,0,0,0,0,0,0,2.69,0.23,0,0,0.01,78.9,6.44,9.57,1.37,0.14,0.61,0,0,0,0,0,4.24,0.35,0,0,1.77,56.9,3.53,33.2,0,0,0,0,0,0,0,0,1.07,0.06,0,0,0.02,81.2,4.15,12.6,0.79,0.05,0.07,0,0,0,0,0,6.18,0.07,0,0,0.36,69.1,11.1,12.9,0,0.22,0,0,0,0,0,0,2.69,0.23,0,0,0.01,79.8,6.45,9.58,0.47,0.16,0.61,0,0,0,0,0,4.24,0.35,0,0,1.77,56.9,3.53,33.2,0,0,0,0,0,0,0,0,1.07,0.06,0,0,0.02,81.4,4.14,12.6,0.6,0.05,0.07,0,0,0,0,0,0,0,1250,87400,856,60300,0.00293,0.0577,33.3,32.9,1640,1680,1550,1560,1220,21.3,14.7,-4,1220,21,14.7,-4.01,15.1,15.1,15.1,15,22.9,22.3,22.7,22.8,5.33,5.33,5.38,4.55,2.01,0.868,1.84,0.855,0.024,0.001,4.00E-04,0,233,246,448,448,1.93,4.68,34.6,35,29.2,27.4,180,179,0.575,0.574,4.43,4.45,132,133,1.52,1.59,2.4,2.44,1.52,1.59,2.4,2.44,608,612,0,0,0,0,0,0
12,7573403,Diles,Diles Creek,7573403,36.45399,-91.18334,1.101E+13,58.5,1.97,189,126,100,100,5.38,4.95,0.27,0.2,6.68,2.71,16.6,7.39,1.07,0.657,0,0,0,100,0,0,0,0,0,0,100,0,0,0,52.8,54.1,0,0,0,0,0,0.0171,1410,990,0.291,0.296,2.9,2.88,16.2,16.5,1.37,1.38,37.8,37.3,10.9,11,0.148,0.146,0.0924,0.0926,0.659,0.665,0.0748,0.0737,0.118,0.117,0.18,0.13,0.18,0.13,0.18,0.13,0.18,0.12,0.18,0.13,0.18,0.14,0.18,0.13,0.18,0.13,0.513,12.1,100,100,0.26,0.1,0.26,0.11,0.26,0.1,0.26,0.11,0.26,0.1,0.26,0.1,0.26,0.11,0.26,0.11,0.107,0.0565,0.4,0.4,100,0,0,0,0,0,0,0,0,0,0,0,0,0,0,0,0,0,100,0,0,0,0,0,0,0,0,0,0,0,0,0,0,0,0,0,0,0,0,0,0,0,0,0,0,0,593,609,9.47,9.73,4.51,4.64,3.06,3.16,0.05,0,0.78,0.5,0,0,1.28,56.3,2.1,9.31,0.18,0,29,0,0.5,0,0.04,0,2.6,0.1,0,0,0.2,73.6,0.15,6.01,0.31,0.34,16.6,0,0.02,0,0,0,1.05,0.7,0,0,4.91,46.8,0,3.68,0,0,40.9,0,1.93,0,0.01,0,1.24,0.14,0,0,0.34,66.9,0.18,9.35,0.15,0.13,21.5,0,0.08,0,0.05,0,0.78,0.5,0,0,1.28,56.3,2.1,9.31,0.18,0,29,0,0.5,0,0.04,0,2.61,0.1,0.01,0,0.2,73,0.15,6.01,0.61,0.84,16.4,0,0.02,0,0,0,1.05,0.7,0,0,4.91,46.8,0,3.68,0,0,40.9,0,1.93,0,0.01,0,1.24,0.14,0,0,0.34,66.1,0.18,9.34,0.36,0.85,21.4,0,0.08,0,0.05,0,0.78,0.5,0,0,1.28,55.8,2.1,9.31,0.09,0.36,29.2,0,0.5,0,0.04,0,2.62,0.1,0.01,0,0.2,72.6,0.15,6.01,0.41,1.35,16.5,0,0.02,0,0,0,1.05,0.7,0,0,4.91,46.8,0,3.68,0,0,40.9,0,1.93,0,0.01,0,1.25,0.14,0,0,0.34,65.1,0.18,9.33,0.43,1.58,21.6,0,0.08,0,0.05,0,0.78,0.5,0,0,1.28,54.7,2.1,9.4,0,1.46,29.2,0,0.5,0,0.04,0,2.62,0.1,0.01,0,0.2,72.3,0.15,6.02,0.56,1.56,16.5,0,0.02,0,0,0,1.05,0.7,0,0,4.91,44,0,3.68,0,2.81,40.9,0,1.93,0,0.01,0,1.25,0.14,0,0,0.34,64,0.18,9.34,0.78,2.32,21.5,0,0.08,0,0.05,0,0.78,0.5,0,0,1.28,54.5,2.1,9.4,0.41,1.32,29.2,0,0.5,0,0.04,0,2.61,0.11,0.01,0,0.2,72.4,0.15,6,0.97,1.32,16.2,0,0.02,0,0,0,1.05,0.7,0,0,4.91,43,0,3.68,0,3.86,40.9,0,1.93,0,0.01,0,1.24,0.15,0,0,0.34,64.1,0.18,9.29,1.5,1.9,21.2,0,0.08,0,0.05,0,0.78,0.5,0,0,1.28,54.8,2.1,9.4,0.87,0.5,29.2,0,0.5,0,0.04,0,2.61,0.11,0.01,0,0.2,72.8,0.15,6.02,0.66,1.09,16.3,0,0.02,0,0,0,1.05,0.7,0,0,4.91,43,0,3.68,2.81,1.05,40.9,0,1.93,0,0.01,0,1.24,0.15,0,0,0.34,64.9,0.18,9.34,1.37,1.05,21.4,0,0.08,0,0.05,0,0.78,0.5,0,0,1.28,55.6,2.1,9.4,0.36,0.23,29.2,0,0.5,0,0.04,0,2.61,0.11,0.01,0,0.2,73,0.15,6.04,0.65,1.09,16.1,0,0.02,0,0,0,1.05,0.7,0,0,4.91,45.8,0,3.68,1.05,0,40.9,0,1.93,0,0.01,0,1.24,0.15,0,0,0.34,65.4,0.18,9.41,0.77,1.24,21.2,0,0.08,0,0.05,0,0.78,0.5,0,0,1.28,55.6,2.1,9.4,0.36,0.23,29.2,0,0.5,0,0.04,0,2.59,0.12,0.02,0,0.19,71.8,0.15,5.97,0.61,2.23,16.2,0,0.02,0,0,0,1.05,0.7,0,0,4.91,45.8,0,3.68,1.05,0,40.9,0,1.93,0,0.01,0,1.23,0.16,0,0,0.34,64.8,0.18,9.41,0.81,1.57,21.4,0,0.08,0,0,0,0,0,1820,63100,1110,42100,7.47,2.95,34.9,34.8,1440,1500,1860,1850,1200,21.1,14.7,-3.56,1200,20.8,14.3,-4.24,14.5,14.5,14.4,14,21.2,20.4,20.5,20.9,5.09,5.19,5.19,3.88,0.568,1.06,0.945,0.937,0.0152,0.0018,0.0072,0.0027,261,252,372,374,2.12,2.04,49.2,49.2,13.4,13.4,168,168,1,1,3.93,3.93,136,136,1.71,1.75,2.86,2.97,1.71,1.75,2.86,2.97,730,701,0,0,0,0,0,0
13,7572477,Mill,Mill Creek,7572477,36.50036,-91.21875,1.101E+13,50,1.69,183,155,100,100,12.8,9.47,0.05,0.14,7.42,4.25,23.3,18.2,2.51,3.1,0,0,0,100,0,0,0,0,0,0,100,0,0,0,54.7,55,0,0,0,0,0,0,0,0,0.304,0.332,2.85,2.75,16.8,17.8,1.39,1.43,36.6,34.2,11.2,11.7,0.144,0.136,0.093,0.0944,0.674,0.703,0.072,0.0664,0.114,0.106,0.18,0.38,0.2,0.38,0.2,0.39,0.17,0.36,0.2,0.39,0.22,0.4,0.2,0.39,0.18,0.37,0.0612,12,100,100,1.21,0.23,1.21,0.25,0.62,0.23,1.21,0.24,0.62,0.22,0.62,0.23,1.21,0.24,1.21,0.24,0.188,0.215,0.4,0.4,100,0,0,0,0,0,0,0,0,0,0,0,0,0,0,0,0,0,100,0,0,0,0,0,0,0,0,0,0,0,0,0,0,0,0,0,0,0,0,0,0,0,0,0,0,0,614,618,9.8,9.86,4.68,4.71,3.18,3.21,0,0,2.56,0,0,0,0,48.9,0,0.64,0,0,47.9,0,0,0,0.04,0,2.97,0.48,0.06,0,0.23,38.4,0.01,3.11,0.1,0.29,54.3,0,0,0,0,0,10.3,0,0,0,0,2.94,0,2.94,0,0,83.8,0,0,0,0,0,2.61,0.22,0.01,0,0.19,36.7,0,2.62,0.1,0.06,57.5,0,0,0,0,0,2.56,0,0,0,0,48.9,0,0.64,0,0,47.9,0,0,0,0.04,0,2.96,0.49,0.07,0,0.24,37.7,0.02,3.09,0.4,0.67,54.3,0,0,0,0,0,10.3,0,0,0,0,2.94,0,2.94,0,0,83.8,0,0,0,0,0,2.6,0.22,0.01,0,0.19,36.5,0,2.62,0.29,0.38,57.2,0,0,0,0,0,2.56,0,0,0,0,48.9,0,0.64,0,0,47.9,0,0,0,0.04,0,2.99,0.5,0.08,0,0.25,36.9,0.02,3.06,0.27,1.58,54.4,0,0,0,0,0,10.3,0,0,0,0,2.94,0,2.94,0,0,83.8,0,0,0,0,0,2.6,0.22,0.01,0,0.19,35.5,0.03,2.67,0.15,1.06,57.5,0,0,0,0,0,2.5,0.05,0,0,0,48.9,0,0.64,0,0,47.9,0,0,0,0.04,0,2.99,0.5,0.08,0,0.24,36.2,0.01,3.06,0.59,2.13,54.2,0,0,0,0,0,8.82,1.47,0,0,0,2.94,0,2.94,0,0,83.8,0,0,0,0,0,2.59,0.23,0.01,0,0.19,35.4,0,2.7,0.52,1.07,57.3,0,0,0,0,0,2.5,0.05,0,0,0,49,0,0.64,1.54,0,46.2,0,0,0,0.05,0,2.98,0.51,0.08,0,0.26,36.5,0.01,3.1,1.51,1.4,53.6,0,0,0,0,0,8.82,1.47,0,0,0,2.94,0,2.94,0,0,83.8,0,0,0,0,0,2.58,0.24,0.02,0,0.24,35.5,0,2.73,1.46,0.49,56.7,0,0,0,0,0,2.5,0.05,0,0,0,50.3,0,0.64,0.32,0,46.2,0,0,0,0.06,0,2.98,0.51,0.08,0,0.24,37.2,0.01,3.14,1.37,0.86,53.6,0,0,0,0,0,8.82,1.47,0,0,0,2.94,0,2.94,0,0,83.8,0,0,0,0,0,2.58,0.24,0.02,0,0.19,36.3,0,2.76,0.69,0.47,56.7,0,0,0,0,0,2.5,0.05,0,0,0,50.3,0,0.64,0.85,0,45.6,0,0,0,0.05,0,2.98,0.51,0.08,0,0.24,37.7,0.01,3.19,0.87,1.01,53.3,0,0,0,0,0,8.82,1.47,0,0,0,2.94,0,2.94,0,0,83.8,0,0,0,0,0,2.58,0.24,0.02,0,0.19,36.8,0,2.89,0.13,0.68,56.5,0,0,0,0,0,2.45,0.05,0.05,0,1.28,46.4,0,0.64,1.28,3.41,44.4,0,0,0,0.05,0,2.96,0.52,0.1,0,0.31,36.4,0.01,3.17,0.88,2.28,53.3,0,0,0,0,0,8.82,1.47,0,0,0,2.94,0,2.94,0,0,83.8,0,0,0,0,0,2.56,0.25,0.04,0,0.22,36.2,0,2.84,0.32,1.14,56.5,0,0,0,0,0,0,0,2930,119000,2330,101000,4.85,5.23,34,34,1490,1500,1810,1800,1190,21,14.5,-4.02,1190,20.9,14.3,-4.36,13.8,13.9,13.7,13.3,20.7,19.7,19.8,20.3,5.09,5.09,5.15,3.65,0.604,1.05,2.46,1.06,0.0177,0.0038,0.012,0.0049,250,231,372,372,1.94,1.53,49.2,49.2,13.4,13.4,168,168,1,1,3.93,3.93,136,136,1.78,1.95,3.01,3.39,1.99,1.96,3.44,3.41,745,743,0,0,0,0,0,0
14,7764835,Hurricane,Hurricane Creek,7764835,35.69939,-93.24437,1.11102E+13,132,1.05,496,296,100,100,0,0.82,0,0.29,0,0.0551,0,0.507,0,0.406,0,0,0,0,0,0,100,0,0,0,0,0,0,100,26,27,0,0,0,0,0,0,0,0,0.458,0.457,7.09,6.29,4.59,9.04,2.53,2.97,66.6,59.2,1.29,1.3,0.358,0.973,0.226,0.418,1.64,1.34,0.0729,0.169,0.226,0.156,0.13,0.14,0.13,0.14,0.13,0.14,0.13,0.14,0.13,0.15,0.15,0.15,0.13,0.15,0.13,0.14,0.267,23,100,100,0.44,0.03,0.44,0.03,0.44,0.03,0.44,0.03,0.44,0.03,0.44,0.03,0.44,0.03,0.44,0.03,0,0.0048,0.28,0.28,0,0,0,0,0,100,0,0,0,0,0,0,0,0,0,0,0,0,0,0,0,0,0,100,0,0,0,0,0,0,0,0,0,0,0,0,0,0,0,0,0,0,0,0,0,0,686,708,11,11.4,5.44,5.6,3.81,3.9,0,0,2.14,0,0,0,0,84.7,8.98,3.76,0,0,0,0,0.43,0,0.05,0,2.52,0.14,0.01,0,0.01,90.5,3.34,1.5,0.12,0.04,1.77,0,0.04,0,0,0,7.07,0,0,0,0,83.8,6.4,1.01,0,0,0,0,1.68,0,0.05,0,1.25,0,0,0,0,94.2,2.35,1.48,0.09,0,0.35,0,0.21,0,0,0,2.14,0,0,0,0,84.7,8.98,3.76,0,0,0,0,0.43,0,0.05,0,2.52,0.14,0.01,0,0.01,90.4,3.34,1.5,0.2,0.12,1.67,0,0.04,0,0,0,7.07,0,0,0,0,83.8,6.4,1.01,0,0,0,0,1.68,0,0.03,0,1.25,0,0,0,0,94.2,2.35,1.48,0.12,0,0.32,0,0.21,0.01,0,0,2.14,0,0,0,0,84.7,8.98,3.76,0,0,0,0,0.43,0,0.04,0,2.53,0.14,0.01,0,0.01,90.3,3.34,1.51,0.04,0.35,1.69,0,0.04,0,0,0,7.07,0,0,0,0,83.8,6.4,1.01,0,0,0,0,1.68,0,0.04,0,1.25,0,0,0,0,94.3,2.35,1.48,0,0.05,0.32,0,0.2,0,0,0,2.14,0,0,0,0,84.7,8.98,3.76,0,0,0,0,0.43,0,0.04,0,2.53,0.14,0.01,0,0.01,90.2,3.34,1.51,0.24,0.27,1.67,0,0.04,0,0,0,7.07,0,0,0,0,83.8,6.4,1.01,0,0,0,0,1.68,0,0.03,0,1.25,0,0,0,0,94.3,2.36,1.48,0.03,0.02,0.32,0,0.2,0,0,0,2.14,0,0,0,0,84.7,8.98,3.76,0,0,0,0,0.43,0,0.04,0,2.53,0.14,0.01,0,0.01,90.3,3.34,1.51,0.27,0.25,1.6,0,0.04,0,0,0,7.07,0,0,0,0,83.8,6.4,1.01,0,0,0,0,1.68,0,0.03,0,1.25,0,0,0,0,94.3,2.35,1.48,0.05,0.02,0.32,0,0.2,0.01,0,0,2.14,0,0,0,0,83.9,8.98,3.76,0,0.77,0,0,0.43,0,0.04,0,2.52,0.14,0.01,0,0.01,90.4,3.34,1.51,0.27,0.13,1.59,0,0.04,0,0,0,7.07,0,0,0,0,83.8,6.4,1.01,0,0,0,0,1.68,0,0.02,0,1.25,0,0,0,0,94.3,2.36,1.48,0.02,0,0.32,0,0.21,0,0,0,2.14,0,0,0,0,83.9,8.98,3.76,0.77,0,0,0,0.43,0,0.04,0,2.52,0.14,0.01,0,0.01,90.5,3.34,1.51,0.16,0.14,1.56,0,0.04,0,0,0,7.07,0,0,0,0,83.8,6.4,1.01,0,0,0,0,1.68,0,0.02,0,1.25,0,0,0,0,94.3,2.36,1.48,0.02,0.05,0.32,0,0.21,0.01,0,0,4.28,0,0,0,0,81.9,8.98,3.68,0.77,0,0,0,0.43,0,0.04,0,2.57,0.14,0.02,0,0.01,90.5,3.33,1.51,0.07,0.2,1.57,0,0.04,0,0,0,7.07,0,0,0,0,83.8,6.4,1.01,0,0,0,0,1.68,0,0.02,0,1.25,0,0,0,0,94.2,2.36,1.48,0,0.1,0.32,0,0.21,0.01,0,0,0,0,1200,160000,793,108000,1.33,0.132,42,44.7,1960,1950,1640,1580,1330,21,15,-3,1360,19.5,14.1,-3.7,14.9,14.9,14.9,14.9,24.4,24.1,24.5,24,4.63,4.83,4.83,4.01,1.13,0.619,0.715,0.426,0.0285,0.0031,0.0016,0.0024,362,348,534,532,2.79,1.67,29.5,29.5,34.1,34.1,183,183,0.95,0.95,5.07,5.07,108,108,1.57,1.08,2.77,1.76,1.57,1.06,2.77,1.73,711,648,0,0,0,0,0,0
