,Spring,Spring,Spring,Spring,Roasting Ear,Roasting Ear,Roasting Ear,Roasting Ear,Roasting Ear,Roasting Ear,Roasting Ear,East Livingstone,East Livingstone,East Livingstone,East Livingstone,East Livingstone,Perry,Perry,Perry,Perry,Perry,Perry,Lewis Prong,Lewis Prong,Lewis Prong,Lewis Prong,Lewis Prong,Lewis Prong,Lewis Prong,Lewis Prong,Cap Fork,Cap Fork,Cap Fork,Cap Fork,Cap Fork,Cap Fork,Cap Fork,Cap Fork,Little Piney,Little Piney,Little Piney,Little Piney,Cove,Cove,Lick Branch,Lick Branch,Lick Branch,Lick Branch,Lick Branch,Lick Branch,Lick Branch,Lick Branch,Lick Branch,Lick Branch,Mulberry,Mulberry,Mulberry,Mulberry,Mulberry,Mulberry,Mulberry,Roasting Ear,Roasting Ear,Cap Fork,Cap Fork,North Sylamore,North Sylamore,East Livingstone,East Livingstone,Spring,Spring,Diles,Diles,Cap Fork,Mill,Mill,Mill,Mill,Mill,Mill,Hurricane,Hurricane,Hurricane,Hurricane,Hurricane,Hurricane,Hurricane,Hurricane,Hurricane,Hurricane,Hurricane,Diles,Diles,Diles,Diles,Diles,Diles,Diles,Diles,Diles,North Sylamore,North Sylamore,North Sylamore,North Sylamore,North Sylamore,North Sylamore,North Sylamore,North Sylamore,North Sylamore,Mulberry,Mulberry,Cove,Hurricane,Lewis Prong,Lick Branch
FA_id,Hydropsychid,Heptageniid,Psephenis,Limnephilid,Amphipod,Amphipod_2,Hydropsychid,Hydropsychid_2,Isopod,Isopod_2,Heptageniid,Hydropsychid,Hydropsychid_2,Tabanid,Heptageniid,Heptageniid_2,Snails,Snails_2,Hydropsychid,Heptageniid,Isonychia,Small Megalopte,Psephenis,Heptageniid,Heptageniid_2,Perlidae,Perlidae_2,Tipulid,Hydropsychid,Hydropsychid_2,Tipulid,Heptageniid,Heptageniid_2,Perlidae,Philopotamid,Philopotamid_2,Hydropsychid,Hydropsychid_2,Tipulid,Tipulid_2,Heptageniid,Hydropsychid,Heptageniid,Heptageniid_2,Psephenis,Psephenis_2,Aeshnid,Aeshnid_2,Small Megalopte,Tipulid,Perlidae,Perlidae_2,Hydropsychid,Hydropsychid_2,Psephenis,Perlidae,Perlidae_2,Tipulid,Tipulid_2,Hydropsychid,Hydropsychid_2,Snails,Snails_2,Snails,Snails_2,Snails,Snails_2,Snails,Snails_2,Snails,Snails_2,Snails,Snails_2,Small Megaloptera,Hydropsychid,Hydropsychid_2,Isonychia,Perlidae,Heptageniid,Heptageniid_2,Snails,Snails_2,Hydropsychid,Hydropsychid_2,Tipulid,Leptocerid,Leptocerid_2,Isonychia,Isonychia_2,Tabanid,Limnephilid,Heptageniid,Psephenis,Psephenis_2,Perlidae,Small Megaloptera,Small Megaloptera_2,Oligochaete,Amphipod,Amphipod_2,Hydropsychid,Hydropsychid_2,Heptageniid,Heptageniid_2,Chloroperlid,Small Megaloptera,Oligochaete,Isonychia,Isonychia_2,Large Megaloptera,Large Megaloptera_2,Hydropsychid,Large Megaloptera,Large Megaloptera,Large Megaloptera
i-14:0,0.017969232,0.005508448,0.006622977,0.003177603,0.013980173,0.014877685,0.019603686,0.022223605,0.025823955,0.066046677,0.006021537,0.033928265,0.019424914,0.006157197,0.016734449,0.014706455,0.00179503,0.000756269,0.023233132,0.007222652,0.003113002,0.001356001,0.011768367,0.005790647,0.006691574,0.003163275,0.004054355,0.001411836,0.018880312,0.015840299,0.00520573,0.009363643,0.009084167,0.005545852,0.003543429,0.004636028,0.014402308,0.032498819,0.000182671,0.006632351,0.005474548,0.004609641,0.017891168,0.018615382,0.014115197,0.018504763,0.003464809,0.003238272,0.000887665,0.003369333,0.00462256,0.003968634,0.025299609,0.025034328,0.005662814,0.007112161,0.004295127,0.00106182,0.000339212,0.023966474,0.010379879,0.001401411,0.000833575,0.004497714,0.00530365,0.001119361,0.001131107,0.001148252,0.000562301,0.001113787,0.000956454,0.000557239,0.000777086,0.00316868,0.015637186,0.015849769,0.001856414,0.00882066,0.005017701,0.009372622,0.004148339,0.006049175,0.019034848,0.0223497,0.008124052,0.017414851,0.014929139,0.004027473,0.002902672,0.004702884,0.00204238,0.012042453,0.013278264,0.020697966,0.007163414,0.001539176,0.006027647,0.022643448,0.01227032,0.009558561,0.022821236,0.022034829,0.016344688,0.016253252,0.142078522,0.003496899,0.022150839,0.003015136,0.00272506,0.001786527,0.001039897,0.000791743,0.000333613,0,0.001
FA14:0,0.226212889,0.104812888,0.513773734,0.343193623,0.908815117,0.754507307,1.060633439,1.150074338,0.59467693,1.128615937,0.530505409,0.512827965,0.251056754,0.199245567,0.194437735,0.154408099,0.162291217,0.110957626,0.363372316,0.142550072,0.143058538,0.015048453,0.539831288,0.371083317,0.350001012,0.066192534,0.116472945,0.073182653,0.772310206,0.738122094,0.144216283,0.502795299,0.411408101,0.165540765,0.127760311,0.145296715,0.426974988,0.923292237,0.023801167,1.482932654,0.530856609,1.022401168,0.757331224,0.771905036,0.615587783,0.832830685,0.114909759,0.1507707,0.012052398,0.118975201,0.042239168,0.173329839,0.338380887,0.373300623,0.170727528,0.102243078,0.13895936,0.022205586,0.006333153,0.741790217,0.582581776,0.223838289,0.145384089,0.304685949,0.353687801,0.142635497,0.170247259,0.194469749,0.094074924,0.111787559,0.124377691,0.059992179,0.087159629,0.092287302,0.855734382,0.553222619,0.094401116,0.811113024,0.458821251,0.404981149,0.212730389,0.275809798,0.528693743,0.644296287,0.062077477,0.274192064,0.328683708,0.137717124,0.117235704,0.064505825,0.185354462,0.187573812,0.79299464,1.192939628,0.168578146,0.035932241,0.084837538,0.063403922,0.130864854,0.060797994,0.674270655,0.622373191,0.278017533,0.344068175,0.62141064,0.196756187,0.096527762,0.173821295,0.192080135,0.042213117,0.040102611,0.038334539,0.006510239,0.1,0.043
i-15:0,0.097794949,0.052023207,0.035677114,0.012197012,0.04366737,0.037813742,0.060686194,0.057546745,0.091995713,0.176665172,0.034076636,0.162214369,0.088597094,0.030587602,0.096906657,0.093015907,0.006541161,0.004090108,0.126156034,0.065739111,0.059189685,0.011327335,0.048796563,0.03924688,0.044544503,0.035960697,0.031960566,0.01873561,0.115709256,0.096968099,0.033628798,0.063171911,0.066304123,0.041623136,0.02422701,0.03941314,0.058617149,0.142948268,0.003397163,0.036127674,0.037072609,0.027991706,0.073042085,0.081691809,0.04914875,0.065736232,0.030501212,0.030176027,0.010155771,0.043695,0.03931599,0.03191483,0.151263169,0.14815131,0.024795556,0.080358717,0.030754902,0.01885622,0.00731831,0.15278311,0.086820784,0.003956329,0.002245721,0.013138213,0.012994357,0.003684191,0.004097804,0.004973265,0.003095888,0.003186541,0.003825815,0.003636719,0.005224911,0.016515219,0.085128416,0.090444966,0.015773849,0.099217889,0.035151539,0.068472337,0.006592964,0.010693588,0.090739971,0.10415392,0.07488433,0.049664883,0.053372041,0.047577949,0.048641336,0.049781843,0.00925517,0.101883755,0.059519389,0.093799068,0.053337639,0.013523499,0.040853099,0.102951304,0.049011688,0.036972622,0.088647364,0.083990109,0.074340299,0.06874006,0.785497857,0.020247032,0.038190729,0.031664593,0.036007976,0.012346544,0.012355117,0.005193179,0.001956525,0,0.012
a-15:0,0.018164594,0.005309904,0.0068792,0.002043635,0.008384258,0.007494078,0.007852689,0.006467021,0.015934943,0.033020417,0.002438844,0.038859116,0.020685592,0.005451838,0.007085521,0.007329039,0.001524587,0.001050374,0.026271458,0.004757436,0.002686564,0.002554327,0.007586328,0.003546677,0.003697194,0.004240537,0.004113638,0.001918745,0.019298728,0.01567513,0.004731235,0.003839025,0.003971642,0.003461505,0.002504838,0.002987203,0.010152048,0.026099887,0.000275978,0.00442225,0.004326362,0.004678022,0.011801832,0.013046046,0.007353751,0.011014212,0.003032969,0.002240776,0.002139218,0.005323472,0.005434385,0.001929064,0.033060659,0.032510925,0.003691119,0.009216624,0.003495235,0.001831462,0.000718118,0.02538371,0.008300091,0.000759609,0.000421386,0.001501178,0.002061047,0.001019981,0.00108982,0.001615781,0.001039288,0.000721275,0.000792745,0.000836836,0.001185464,0.00304263,0.017479002,0.014782168,0.001735426,0.006707579,0.004650215,0.006062539,0.001677795,0.00230732,0.018598467,0.021283914,0.007008457,0.004172134,0.004361853,0.003239205,0.003052575,0.005733762,0.001768706,0.006832831,0.007281533,0.010261589,0.003566703,0.002982477,0.00916878,0.014625134,0.012120003,0.012541806,0.011182632,0.010686545,0.013190593,0.00572968,0.140161039,0.002205657,0.008079432,0.001728326,0.001649057,0.001894335,0.001648617,0.00114018,0.000318208,0,0.002
FA15:0,0.119154525,0.050264013,0.039458345,0.051217982,0.058109062,0.052795925,0.079045023,0.080117881,0.075362028,0.187455178,0.068533933,0.196559189,0.103039849,0.044830712,0.084654885,0.071038465,0.024353267,0.017871996,0.120680018,0.050039573,0.085652142,0.007353938,0.057027087,0.07850129,0.083075499,0.036095354,0.038070093,0.016191052,0.180735709,0.151169382,0.038782416,0.087337816,0.06751363,0.043138542,0.055289715,0.068519395,0.085709517,0.212723776,0.003627145,0.064953207,0.115213511,0.057361074,0.148931683,0.154337143,0.07101813,0.086202278,0.038851461,0.032456273,0.006357006,0.03539449,0.028607767,0.041120523,0.153904665,0.171636514,0.01929871,0.076912724,0.035263861,0.010817741,0.003135903,0.177034297,0.108537245,0.024323398,0.015565371,0.07703281,0.076822345,0.016825523,0.020878942,0.025307673,0.013828731,0.017670319,0.018389908,0.01427119,0.02109333,0.014420645,0.098704758,0.10425808,0.014650926,0.226797592,0.074820667,0.08742725,0.043274977,0.060375799,0.120179777,0.129351019,0.027669461,0.096539299,0.097310169,0.108585157,0.095608752,0.031513717,0.041200435,0.098110892,0.046353104,0.11067383,0.058327593,0.009614666,0.028047409,0.029709428,0.067266851,0.056458421,0.106485665,0.099610343,0.073349712,0.076642511,0.489651101,0.033312496,0.016717683,0.062268794,0.063401838,0.009039159,0.010944281,0.006187543,0.002461062,0,0.01
15:1w7,0,0,0,0,0,0,0,0,0,0,0,0,0,0,0,0,0,0,0,0,0,0,0,0,0,0,0,0,0,0,0,0,0,0,0,0,0,0,0,0,0,0,0,0,0,0,0,0,0,0,0,0,0,0,0,0,0,0,0,0,0,0,0,0,0,0,0,0,0,0,0,0,0,0,0,0,0,0,0,0,0,0,0,0,0,0,0,0,0,0,0,0,0,0,0,0,0,0,0,0,0,0,0,0,0,0,0,0,0,0,0,0,0,0,0
i-16:0,0.032710921,0.010998427,0.01538891,0.009340908,0.012037949,0.015131468,0.021649288,0.022743983,0.024337994,0.105769711,0.007965894,0.051049009,0.027718419,0.009808899,0.017924133,0.020876877,0.011513156,0.006698945,0.03262926,0.012412582,0.008040307,0.00509604,0.011446269,0.009465335,0.009958171,0.013290953,0.014998806,0.00550716,0.042916312,0.034997906,0.013030782,0.011276276,0.010688264,0.015063662,0.013759638,0.015791471,0.019107952,0.053657955,0.000770111,0.018125285,0.0107562,0.011524104,0.027377056,0.029847698,0.013952522,0.018543546,0.006538136,0.005263761,0.002530673,0.012909053,0.015315636,0.009592466,0.047502749,0.0481086,0.006300129,0.028899235,0.011311996,0.005729554,0.002259005,0.04826195,0.030191601,0.006193237,0.004738922,0.019825144,0.015884243,0.006565608,0.007679204,0.007049095,0.004990908,0.007729114,0.007132725,0.005781601,0.008340255,0.004187807,0.034888314,0.034809267,0.006181746,0.023121115,0.008291917,0.016099854,0.01381431,0.02358011,0.037844686,0.041313426,0.020303383,0.013265675,0.014452708,0.008114979,0.0079585,0.018639722,0.005229216,0.019390762,0.015632754,0.026189399,0.021524536,0.006312176,0.014711669,0.054801736,0.024498885,0.021241246,0.023110941,0.022387045,0.013111673,0.012882582,0.191571132,0.006616971,0.030781879,0.003943451,0.004858775,0.003272733,0.004600276,0.001510871,0.000460843,0,0.005
FA16:0,2.498545367,1.817589376,4.817947724,2.775498211,2.998687594,2.358687748,2.774641587,3.000670331,2.143070655,3.375990564,2.658050364,2.826934528,1.797144447,1.858139875,2.30233418,1.698431037,0.803023306,0.408334695,2.725001636,2.509158064,2.580814486,0.334944767,3.064242924,3.026023309,3.112260117,1.11377757,1.686058185,0.670947374,3.494241849,2.641612568,1.597281523,3.128199832,2.789015038,2.303937374,2.55494827,3.197672935,2.920911841,5.489981366,0.236061427,3.502665845,6.866892434,2.638070425,3.549873284,3.643903164,4.374914491,6.287347834,1.656487219,1.666888233,0.219942473,1.389583857,0.976420281,2.173237782,2.395617856,2.871879138,1.656177184,1.752021263,1.982447795,0.508284159,0.159999625,4.466027206,2.554507538,0.661472992,0.43826505,0.95865533,1.145553433,0.424986394,0.499935974,0.629641039,0.307259454,0.459129589,0.511270206,0.26373057,0.368275687,0.933009305,3.169798966,2.740082794,1.479611204,7.226259694,2.895912651,3.469239776,0.762904953,1.062779212,2.616222177,2.823175014,1.106189147,2.325554603,2.805171868,2.560238126,2.369845588,1.242859918,2.011255707,2.273638084,3.208474632,4.091719139,2.085003528,0.257955761,0.71317565,0.159065334,1.316843597,1.020351008,3.028808013,2.823646761,2.58727753,2.768352598,5.411913357,1.367863643,0.121371746,2.924637061,2.488762939,0.614456194,0.476117451,0.361879901,0.127073037,0.7,0.358
16:1w9,0.065796286,0.073932333,0.093164242,0.041710094,0.025614293,0.035589404,0.060612175,0.063651524,0.0113296,0.014125736,0.043494267,0.128454018,0.071888971,0.059588146,0.139866736,0.123674511,0.00550248,0.00326642,0.084910196,0.088185557,0.061903386,0.005159109,0.15498421,0.061411729,0.069811136,0.029421529,0.043155327,0.014864327,0.137423907,0.116032177,0.030428015,0.056106179,0.056726718,0.034317287,0.04058652,0.053079765,0.038525566,0.096038278,0.00245358,0.116328324,0.115222697,0.088104084,0.097579115,0.103072144,0.257890162,0.344410207,0.047649693,0.048999266,0.004223301,0.035970099,0.024070025,0.075456893,0.125285518,0.133452364,0.093081256,0.05542519,0.069970702,0.012000708,0.003247771,0.146196758,0.113828575,0.005668521,0.002290033,0.03096106,0.033198695,0.005280217,0.003937247,0.022846599,0.005460138,0.004154615,0.003411087,0.001243523,0.001071118,0.01517024,0.070818665,0.064127233,0.024708078,0.054617011,0.037804068,0.045007323,0.014767632,0.038860917,0.0976607,0.115977558,0.017505399,0.066205234,0.098236397,0.035474649,0.04287006,0.032105074,0.043536846,0.087499715,0.129903616,0.206911076,0.065272375,0.009635396,0.025777861,0.003630774,0.012763025,0.012152834,0.084717445,0.086282179,0.086529419,0.07977866,0.182237844,0.038071056,0.003035646,0.016098338,0.031124816,0.022090304,0.013375992,0.005632386,0.002106996,0,0.018
16:1w8,0.015063222,0.034144991,0.01019457,0.003853,0.004492116,-4.18E-05,0.002002985,0.001973021,0.002352582,0.00155979,0.005918907,0.022106491,0.011679171,0.007600979,0.010539548,0.011305587,0.000899001,0.00135425,0.008926481,0.004930433,0.005671634,0.006597101,0.00380233,0.005161883,0.000930485,0.007141584,0.009897104,0.004464555,0.013108462,0.007987809,-0.000271532,0.005813577,0.000922142,0.00844905,0.002416592,0.005332812,0.003946669,0.015698714,0.001452172,0.002005272,0.012538184,0.002499906,0.005575236,0.000559398,0.014886862,0.073963649,0.002938125,0.001261222,0.002767751,0.005946744,0.008621104,0.007415964,0.015011911,0.017276879,0.006220465,0.014692834,0.011129843,0.00875111,0.002111051,0.028034701,0.008875499,0.000318732,0.000562684,0.001130974,0.00045402,0.000363004,0.000308007,0.001198122,0.000960436,0.000882469,0.000865174,0.001276762,0.001843537,0.002763711,0.00655753,0.007087228,0.008956915,0.014268145,0.0051973,0.008145839,0.001802966,0.003042999,0.024605524,0.020997583,0.013177969,0.043493297,0.084458385,0.013966952,0.013802456,0.014140617,0.002331887,0.019264634,0.012099545,0.013232981,0.015917268,0.004293627,0.007892006,0.003299158,0.004573533,0.007228112,0.00576388,0.004520102,0.010422936,0.00844277,0.030294683,0.003952177,0.002812118,0.001758515,0.003932133,0.003915087,0.005400806,0.001793134,0.00152397,0,0.001
16:1w7,1.311143415,1.831418213,7.976859179,4.940901562,3.362672083,2.786106936,3.571625634,4.094056638,1.99959718,4.794840332,4.327816714,1.461346901,0.798876752,1.175785802,1.745062565,1.50612721,0.261664255,0.13689845,1.385355357,2.202779207,1.11622256,0.157182546,6.340371449,3.546315554,3.337734495,0.57008406,0.988590631,0.460751575,3.001803316,2.570428734,1.251964423,4.179721129,3.207757381,1.820544304,1.411839344,1.81119002,2.222072046,4.509502065,0.057404826,2.248149885,5.467300416,1.782776803,4.372240614,4.513936943,10.42023579,15.3088963,1.511964143,1.731587286,0.08983061,0.990825737,0.420059194,2.110823089,1.9244466,2.240137804,2.068659725,0.873395415,1.250037619,0.094722931,0.073695528,2.582545776,2.399835378,0.471181825,0.150637203,0.914691338,1.243664054,0.160635725,0.186608328,0.109883101,0.03777759,0.128209308,0.213908317,0.044434451,0.068747595,0.975795201,2.565437658,2.314074414,0.868586297,4.615958145,3.477178522,3.696292778,0.477523633,0.717473236,1.266218514,1.406156314,0.709711999,2.307686849,2.758070361,0.720001474,0.876273122,0.717383573,1.435863219,1.691564273,4.274952586,5.571819543,1.161283253,0.101606333,0.297387985,0.030619248,0.261019877,0.212121581,1.68637319,1.665102509,3.385102941,4.302242066,3.996433945,1.660332487,0.044373784,0.92180155,1.472151048,0.482061966,0.225386567,0.290049708,0.065463759,0.2,0.446
16:1w6,0,0,0,0,0,0,0,0,0,0,0,0,0,0,0,0,0,0,0,0,0,0,0,0,0,0,0,0,0,0,0,0,0,0,0,0,0,0,0,0,0,0,0,0,0,0,0,0,0,0,0,0,0,0,0,0,0,0,0,0,0,0,0,0,0,0,0,0,0,0,0,0,0,0,0,0,0,0,0,0,0,0,0,0,0,0,0,0,0,0,0,0,0,0,0,0,0,0,0,0,0,0,0,0,0,0,0,0,0,0,0,0,0,0,0.001
16:1w5,0.188630128,0.215729856,0.066082245,0.257570297,0.055359179,0.055701,0.148620165,0.125273026,0.057684767,0.130553036,0.192028616,0.707291461,0.333870691,0.124124827,0.402648854,0.359040676,0.031722103,0.016980887,0.260634717,0.258155758,0.235785685,0.009864116,0.367953946,0.358643593,0.398940573,0.120419432,0.080823608,0.051637139,0.627174259,0.545373918,0.06899924,0.449296629,0.322543676,0.086053761,0.175026399,0.224895665,0.184291248,0.393538211,0.005066175,0.104905031,0.291326773,0.089067443,0.20328899,0.248333241,0.438726529,0.342371359,0.11252455,0.11618847,0.009240539,0.060468336,0.048500525,0.131774496,0.268080883,0.344943363,0.061666913,0.140809527,0.055691452,0.014088718,0.007137879,0.326299624,0.205479668,0.021506122,0.008568186,0.112816693,0.130762281,0.028955801,0.026727143,0.067467595,0.021180011,0.009586032,0.014185083,0.013033532,0.02887119,0.034949347,0.110110745,0.091000666,0.013656554,0.204716863,0.142777914,0.175608413,0.075883248,0.126534393,0.238623122,0.260913147,0.080316109,0.399276774,0.492253212,0.175360814,0.209146842,0.058404463,0.048017416,0.441841754,0.262857166,0.618412314,0.202731897,0.015088587,0.102118669,0.016821738,0.194718952,0.086104842,0.232358925,0.249747632,0.366310415,0.403162967,1.748027862,0.156476902,0.009139384,0.118337501,0.213987299,0.024021858,0.014360406,0.011643075,0.005960946,0,0.016
i-17:0,0.060529652,0.065284115,0.015287973,0.023536695,0.02818726,0.028268496,0.041111666,0.038340592,0.128280377,0.068223761,0.031887834,0.099136923,0.054982662,0.035881469,0.124837938,0.120784016,0.052723062,0.040431103,0.069389493,0.094845967,0.043233126,0.037936482,0.022758985,0.051520943,0.05073124,0.029948348,0.042763395,0.012254684,0.071173731,0.055570394,0.036796669,0.07601338,0.067101883,0.065912161,0.039011663,0.042945352,0.044318062,0.133834637,0.001666384,0.018782785,0.037173649,0.013975741,0.048996695,0.053268481,0.020109151,0.025784781,0.021636387,0.016090891,0.008413522,0.021983153,0.037604492,0.031422354,0.075315754,0.076989133,0.010037719,0.051472283,0.031676229,0.013611255,0.007588958,0.071456537,0.050252897,0.034483805,0.019147153,0.121933583,0.115168132,0.036648506,0.041517376,0.055063731,0.026881874,0.033705931,0.037358253,0.022397106,0.032933972,0.013707256,0.082091908,0.077212188,0.027199681,0.102261501,0.041094862,0.068632934,0.045741727,0.087810583,0.048992857,0.055536789,0.066362172,0.064230828,0.064797493,0.036007121,0.032440428,0.052870483,0.01419488,0.102684392,0.029512164,0.045778901,0.089420495,0.045948544,0.05610094,0.049393838,0.051344385,0.041623372,0.04901817,0.047287629,0.065474,0.070027628,0.172042073,0.025908433,0.042736987,0.023905994,0.024181095,0.008869105,0.014821702,0.004796722,0.002602369,0,0.009
a-17:0,0.024204535,0.008015646,0.015893591,0.018180876,0.007715056,0.00737465,0.013823515,0.014009734,0.032979253,0.021593643,0.005256482,0.03757716,0.021048932,0.010896328,0.011377585,0.012004627,0.017464394,0.016614478,0.024795426,0.009125627,0.006803635,0.015824212,0.013949731,0.008042147,0.00778044,0.010014282,0.013039147,0.005100382,0.03469988,0.028896605,0.012578229,0.009635402,0.008809669,0.01283575,0.012693894,0.013873591,0.014845549,0.042799161,0.000612409,0.013969313,0.010544934,0.009995601,0.021889167,0.023975252,0.017118431,0.020449425,0.006582531,0.004985683,0.003087531,0.01105757,0.012371254,0.008955851,0.032570347,0.032292155,0.007395515,0.020153684,0.011232799,0.00595047,0.002706476,0.036247078,0.024423653,0.010946035,0.007548164,0.019753867,0.024974768,0.01440649,0.016708396,0.021892839,0.013504277,0.014558456,0.014206911,0.011821292,0.0174996,0.003852568,0.027033217,0.026638013,0.007316011,0.01406136,0.005730568,0.010420964,0.017464494,0.025382875,0.022725903,0.026528764,0.02527408,0.008724122,0.010454836,0.005410856,0.005571404,0.023022954,0.013751573,0.012574382,0.016773164,0.002338616,0.018052146,0.012915862,0.02571543,0.020339139,0.013687197,0.012924013,0.02106033,0.019724081,0.008621374,0.009511912,0.070754334,0.00800467,0.027659707,0.003317027,0.004538718,0.002898614,0.005315205,0.001896201,0.000599362,0,0.003
FA17:0,0.179378925,0.145925397,0.080298741,0.076925416,0.154081895,0.152273087,0.152594734,0.180445893,0.096374192,0.175060594,0.123300621,0.297100775,0.171251381,0.121321759,0.204635495,0.162624847,0.108120837,0.040249364,0.269570783,0.200980032,0.187377144,0.090013213,0.127684426,0.191159113,0.180647759,0.125040318,0.182449249,0.067760603,0.372376029,0.282293623,0.128173966,0.151851322,0.146303122,0.187697588,0.213366032,0.249365892,0.125425155,0.250217641,0.014566404,0.149686715,0.245720851,0.139817745,0.205856993,0.205530676,0.17573087,0.225364745,0.139127096,0.123192466,0.054709946,0.10200755,0.12798068,0.167854951,0.202321777,0.226722088,0.08246597,0.222048944,0.194043633,0.070635998,0.029125287,0.344926156,0.298354371,0.045197115,0.031522864,0.102515008,0.112383232,0.037540543,0.040960342,0.108256099,0.049178731,0.03573315,0.039182857,0.02711702,0.040688495,0.072040201,0.187082072,0.18160714,0.0997246,0.286978405,0.13090232,0.204435583,0.086159269,0.113921302,0.211728871,0.228732761,0.088928235,0.222037258,0.249075444,0.223181507,0.212985274,0.137026931,0.071162127,0.22122797,0.09532591,0.198368602,0.212253107,0.048411484,0.091576408,0.144556408,0.121664898,0.112866107,0.192885921,0.182028822,0.122329347,0.133444972,0.45171729,0.105102454,0.079089024,0.106427901,0.103908906,0.065643958,0.066119057,0.036194139,0.019326325,0.1,0.051
16:2w7,0.002181542,0.000457113,0.019519535,0.080486824,0.00471903,0.001686914,0.004429895,0.005639566,9.98E-05,0.000465405,0.001565562,0.001834135,0.002301152,0.002285069,0.001396728,0.001223925,0.001646435,0.005485396,0.002853023,0.000821739,0.000453576,0.002194829,0.009123496,0.00187123,0.001395728,0.000245691,0.001225199,0.000864875,0.011446261,0.007609711,0.000403184,0.001069836,0.001243819,0.001148518,0.002762789,0.002207633,0.001675817,0.002613867,0.000157702,0.016896314,0.003738492,0.01190824,0.003960564,0.004014358,0.008550873,0.011878507,0.000671975,0.000932909,0.001521712,0.001198881,0.000814855,0.000427613,0.005455263,0.00385803,0.003213132,0.000714288,0.00111404,0.000171031,0.000454688,0.005599348,0.005223736,0.002935807,0.003104379,0.002152852,0.004466523,0.004015655,0.003790452,0.011253119,0.010502752,0.00111834,0.002735418,0.006767035,0.0075445,0.00071473,0.005024342,0.005499514,0.001342214,0.005027453,0.001229558,0.001699652,0.001715094,0.000369798,0.005091111,0.004619923,0.002593309,0.000427858,0.000470512,0.000610777,0.000967557,0.000679261,0.016884127,0.001184504,0.008610538,0.002064265,0.005131422,0.000849915,0.000697758,0.013304337,0.007927829,0.011861951,0.003121262,0.003877041,0.001104886,0.001446215,0.0031573,0.000317666,0.005299761,0.000739633,0.000377972,0.000936258,0.000711759,0.000815753,0.000169994,0,0
16:2w6,0.071954258,0.09407303,0.590174779,1.138810674,0.37403406,0.272151456,0.5559731,0.700170447,0.02616652,0.050283259,0.702560512,0.083695317,0.044525634,0.074224347,0.128702768,0.108017458,0.000814302,0.006027682,0.061820833,0.113053971,0.101988619,0.003683276,0.442518361,0.280040646,0.28640136,0.038422334,0.09493645,0.044236267,0.320148525,0.275917704,0.08063945,0.593242862,0.466453519,0.21937222,0.087343495,0.104703872,0.243151269,0.425672485,8.67E-05,0.186914318,0.30800761,0.165957147,0.396383334,0.352745968,0.70324466,1.051818489,0.168659695,0.244262563,0.003760172,0.092544822,0.031043244,0.259883051,0.14942119,0.18708046,0.106438327,0.056787202,0.099711881,0.003092819,0.002818343,0.204866536,0.182816903,0.058559301,0.003604357,0.059530709,0.125149198,0.004515529,0.002236,0.00472641,0.001714049,0.003134631,0.008579311,0.003106853,0.004375483,0.127381472,0.285879751,0.25365652,0.098045888,0.342887821,0.481237887,0.490574916,0.000376777,0.001541086,0.063486615,0.06821942,0.009268887,0.040565081,0.123274146,0.012299062,0.087591199,0.01330153,0.258405168,0.104861466,0.290963708,0.293612435,0.044995327,0.005472625,0.012950137,0.013120105,0.005088508,0.012095334,0.102386962,0.111932556,0.244639645,0.313364266,0.229327825,0.161430949,0.005072629,0.005822723,0.11249254,0.034975244,0.009200552,0.026293836,0.001143475,0.1,0.136
16:2w4,0,0,0,0,0,0,0,0,0,0,0,0,0,0,0,0,0,0,0,0,0,0,0,0,0,0,0,0,0,0,0,0,0,0,0,0,0,0,0,0,0,0,0,0,0,0,0,0,0,0,0,0,0,0,0,0,0,0,0,0,0,0,0,0,0,0,0,0,0,0,0,0,0,0,0,0,0,0,0,0,0,0,0,0,0,0,0,0,0,0,0,0,0,0,0,0,0,0,0,0,0,0,0,0,0,0,0,0,0,0,0,0,0,0,0
16:3w6,0,0,0,0,0,0,0,0,0,0,0,0,0,0,0,0,0,0,0,0,0,0,0,0,0,0,0,0,0,0,0,0,0,0,0,0,0,0,0,0,0,0,0,0,0,0,0,0,0,0,0,0,0,0,0,0,0,0,0,0,0,0,0,0,0,0,0,0,0,0,0,0,0,0,0,0,0,0,0,0,0,0,0,0,0,0,0,0,0,0,0,0,0,0,0,0,0,0,0,0,0,0,0,0,0,0,0,0,0,0,0,0,0,0,0
16:3w4,0.009059912,0.076504173,0.829199796,0.162787997,0.197818493,0.105096226,0.119257253,0.143546912,0.004623493,0.009366528,0.280687208,0.011479488,0.005620756,0.024173243,0.072025174,0.061147891,0.00023478,0.002724133,0.009482389,0.055359251,0.031808447,0.000359498,0.521935199,0.147676552,0.160607682,0.01309251,0.023140451,0.009054272,0.146181987,0.123681688,0.015085098,0.300527536,0.240477366,0.06671506,0.014302692,0.01537754,0.000224657,0.088049308,3.42E-05,0.113415661,0.149199797,0.092759983,0.069306128,0.050520777,0.652598464,1.006132778,0.033130592,0.066367526,0.000600966,0.012256451,0.007530592,0.07951201,0.02544096,0.029273727,0.088746183,0.01789049,0.021470354,0.000855157,0.001284674,0.080364878,0.053883862,0.028549312,0.000632915,0.044239644,0.121769376,0.000817056,0.000212984,0.002746579,0.0003516,0.001540905,0.00334362,0.001699091,0.002933324,0.038771072,0.068369547,0.052126303,0.016125471,0.083095143,0.215891016,0.218362916,0.000168159,0.000670651,0.020582636,0.021392992,0.000985143,0.013453515,0.07260089,0.001808839,0.025270055,0.002617153,0.074057195,0.068662818,0.377970813,0.376641038,0.027161813,0.001625981,0.003270892,0.000235249,0.00248023,0.002306772,0.013648908,0.014993183,0.067240184,0.09451672,0.110467013,0.025828695,0.000133395,0.000298117,0.016329021,0.010078091,0.001188907,0.005258767,7.85E-05,0,0.002
16:3w3,0.009210503,0.004737358,0.078551765,0.272850208,0.051047825,0.023688451,0.102264401,0.098636326,0.001259096,0.002457496,0.077643676,0.086669327,0.043240182,0.054492661,0.040915925,0.027030367,0.000471047,0.001834979,0.062293675,0.020802969,0.203411238,0.00106588,0.094819939,0.031807141,0.037348091,0.006293476,0.009666556,0.016940777,0.601132154,0.441140376,0.005570515,0.015617538,0.012133667,0.004360114,0.007575607,0.008547677,0.007352949,0.024688244,7.10E-05,1.359461956,0.690059397,0.99720099,0.146852824,0.111524721,0.065829209,0.070428907,0.005246652,0.008625823,0.001212959,0.01270374,0.003659274,0.010341991,0.04261289,0.031573763,0.047918159,0.024557182,0.042945987,0.002650988,0.004052496,0.509850676,0.289246629,0.011455573,0.000270891,0.019465851,0.054191351,0.000615916,0.000296211,0.020496485,0.002218181,0.000509992,0.000803659,0.00073712,0.001446827,0.004832807,0.102580869,0.06647048,0.008748966,0.032852921,0.027069614,0.022287302,0.000609418,0.000797573,0.435744594,0.386935004,0.004590584,0.004892187,0.023223762,0.011991063,0.169956226,0.01541523,0.647400517,0.016264988,0.080468163,0.217913854,0.011085929,0.008074195,0.015684858,0.00115924,0.004863033,0.002996775,0.243858974,0.269925324,0.093512514,0.06790314,0.055121846,0.029918484,0.000223527,0.001505681,0.084278722,0.011926864,0.006098298,0.00297665,0.000146487,0,0.001
16:4w3,0.006617887,0.001685317,0.445012794,0.408525148,0.032706299,0.011656127,0.04394007,0.058552562,0.000664712,0.001222906,0.012628993,0.007614243,0.004307778,0.023427473,0.003391585,0.003183173,0.000901973,0.000356639,0.00614694,0.003632951,0.005004839,0.000264893,0.056196964,0.007729647,0.00681036,0.001840322,0.002463572,0.003305548,0.13424853,0.106050401,0.004681866,0.003095988,0.002826471,0.003068031,0.009523815,0.013369975,0.009332355,0.016924206,3.15E-05,0.518025944,0.048591204,0.238844587,0.034784084,0.024458256,0.082055013,0.084141268,0.001751575,0.0029279,0.000457616,0.00087258,0.001245001,0.003476158,0.013719875,0.014858589,0.02288361,0.006116254,0.008584974,0.000570105,0.001071764,0.075815803,0.07658129,0.005472656,5.85E-05,0.003823493,0.009091445,0.000402875,0.000366332,0.001055993,0.00026887,0.000562813,0.000275824,0.000299149,0.000380375,0.004662505,0.026402685,0.022811074,0.002933966,0.004659118,0.005294006,0.006049156,0.001476763,0.001471357,0.020300807,0.020897594,0.001941046,0.000663701,0.004435833,0.000112237,0.007181729,0.002617153,0.130171753,0.00568123,0.411826554,0.94510167,0.024289588,0.00208592,0.002711462,0.000246587,0.001984741,0.001911036,0.017586383,0.017976343,0.003257508,0.003271803,0.023826068,0.00696679,0.000100948,0.000181135,0.001353385,0.004065889,0.000848087,0.002136301,0.000154455,0,0.001
16:4w1,0.002674017,0.008255746,0.083148251,0.170396799,0.10546089,0.05505012,0.054334061,0.076067029,0.016581506,0.033423509,0.102606837,0.002980469,0.001780915,0.012769938,0.010056444,0.010831497,0.000687996,0.00094094,0.002507977,0.010552857,0.008455115,0.000422568,0.028059202,0.008941993,0.007508224,0.001032376,0.001070402,0.000471864,0.008990215,0.006829636,0.004558442,0.029917562,0.024353116,0.003807124,0.00312935,0.003228663,0.007553318,0.010820013,0.00029832,0.009391393,0.007063636,0.007091447,0.008889432,0.006523023,0.038820964,0.043220256,0.001329825,0.002273069,0.000115782,0.000656268,0.000863322,0.003197489,0.001775721,0.002113787,0.009101662,0.002250392,0.001430829,0.000370568,0.000101042,0.007744183,0.006885834,0.016814035,0.000895446,0.007311695,0.015898057,0.000563549,0.000605529,0.000968721,0.000230091,0.000551884,0.00123327,0.000563105,0.000933436,0.004840853,0.008737842,0.005384541,0.00145186,0.023256818,0.015296252,0.017134813,0.003657138,0.004270697,0.002247817,0.002670147,0.000335128,0.004343277,0.007969112,0.002142939,0.002918571,0.0008271,0.030574631,0.005160268,0.03883288,0.044256699,0.003103717,0.000148994,0.000724689,0.000770937,0.000815609,0.000378825,0.005015684,0.006123751,0.017142056,0.023334879,0.058540971,0.003925169,0.000194685,0.005203846,0.006907143,0.000718718,0.000266315,0.000599078,7.44E-05,0,0
FA18:0,0.678256082,0.725134343,0.757069135,0.697151223,0.411809374,0.350048062,0.777622603,0.884628578,0.447619001,0.840274884,1.03903137,0.74675765,0.497811236,0.489298766,0.806467674,0.648322445,0.353074077,0.264657179,0.658288043,0.759416479,0.583112215,0.525011904,0.628987012,0.964722499,0.921432751,0.647495708,1.142774672,0.406039187,1.244034274,0.925811723,0.616418259,0.941937088,1.009856535,1.213164481,0.760934466,0.741716238,0.622741936,0.917102725,0.135598711,1.243770649,1.872965875,0.79732718,1.022871197,1.01880405,0.86531916,1.222987547,0.981939247,0.895431454,0.473219253,0.640217174,0.792750785,0.922224484,0.732230973,0.791239097,0.523780399,0.970669196,1.339150278,0.381207774,0.233586894,1.248939287,1.390189768,0.355912738,0.290318365,0.429205863,0.50089149,0.288136939,0.322014754,0.373341474,0.257011705,0.280653264,0.323724892,0.201497703,0.27890848,0.602950319,0.924419195,0.861827741,1.02327361,1.835453394,0.904296965,1.155509157,0.337206478,0.467796094,0.75445499,0.84325293,0.474154965,0.826420649,1.152091556,0.75127638,0.756059794,0.634118156,0.392446813,0.901012356,0.713148251,0.942654641,1.09822292,0.42400666,0.572664396,0.511360994,0.326304771,0.288657716,0.938169692,0.845272379,0.848209285,0.916649855,0.864730697,0.896391901,0.305698887,0.647175074,0.615705001,0.511297736,0.592378247,0.408517788,0.146483695,0.6,0.398
Cy19:0,0,0,0,0,0,0,0,0,0,0,0,0,0,0,0,0,0,0,0,0,0,0,0,0,0,0,0,0,0,0,0,0,0,0,0,0,0,0,0,0,0,0,0,0,0,0,0,0,0,0,0,0,0,0,0,0,0,0,0,0,0,0,0,0,0,0,0,0,0,0,0,0,0,0,0,0,0,0,0,0,0,0,0,0,0,0,0,0,0,0,0,0,0,0,0,0,0,0,0,0,0,0,0,0,0,0,0,0,0,0,0,0,0,0,0
18:1w9,2.125330732,0.728565003,3.193819901,2.473204704,3.451360611,3.034399756,2.51205537,2.570713624,0.760140355,2.326688279,1.175867853,2.210077537,1.457867701,1.526845213,0.863743396,0.543217251,0.099561754,0.11223664,1.942730074,0.56561585,1.068585486,0.556099007,3.31110629,1.045411283,1.018435832,1.461085799,2.307168178,0.726055276,3.238068004,2.44136015,1.388385824,0.906852666,0.800680515,2.291888572,1.370458607,1.631847472,1.637084558,3.072069196,0.086711106,3.503124661,2.591197148,1.93421921,2.646046112,2.808665414,4.049455747,5.646950063,1.214515276,1.008751227,0.751063958,1.20365463,1.721421783,1.918039257,2.51092709,2.562406001,2.005512381,2.395797302,2.547421947,0.472168013,0.321655613,3.133578549,2.883117637,0.08905064,0.047321502,0.139426956,0.157478533,0.09622814,0.096929144,0.152707538,0.088371768,0.064512192,0.090084258,0.07956203,0.109681118,3.22E-05,2.208241454,2.058214256,2.203601368,2.410883545,1.010298666,0.937592343,0.081987539,0.121775593,2.274663145,2.582589072,1.588702079,0.722004595,0.943823411,1.050643161,1.457572972,1.563610979,1.996594903,1.167037592,3.495256837,4.896284825,3.046358519,0.577400818,1.281425811,0.088671958,1.599194568,1.60144454,2.305985235,2.061315848,0.961835617,0.900182775,7.65506754,1.149645062,0.044784786,0.626706863,0.868922187,0.614829671,1.053758012,0.624051116,0.191573408,1.3,0.651
18:1w7,0.245256611,1.243200899,1.107271648,0.286956275,0.903107668,0.791992623,0.470542299,0.488946901,0.267055494,0.475872176,2.635093139,0.30844787,0.189465162,0.31227201,1.547719636,1.123488479,0.096154466,0.065952754,0.248043714,1.390122699,0.830741265,0.145363266,0.695650858,1.815725431,1.805759931,0.394816415,0.715806015,0.193511606,0.468975705,0.394403535,0.226608347,2.52987955,2.197450497,1.267118233,0.250164749,0.243046544,0.332546367,0.575694482,0.030149985,0.282092038,2.656827422,0.198160278,0.352120848,0.410797671,1.052754299,1.622828938,1.296282335,1.254054343,0.074392956,0.310037253,0.276278206,1.044173488,0.314360062,0.326309521,0.374588824,0.475237275,0.657909395,0.089627618,0.098815231,0.421558135,0.616910423,0.144673411,0.082203751,0.274900957,0.37495029,0.098978043,0.096016919,0.070178019,0.026234258,0.064840955,0.104326887,0.035428683,0.043549478,0.474387465,0.503735087,0.495377808,0.457229882,2.152609442,1.992513678,2.360553582,0.112004521,0.194354727,0.205458167,0.271100611,0.323972455,1.38576002,1.830427828,0.533142917,0.670424151,0.26137965,0.195548268,1.808528513,0.943136853,1.506232278,1.038099115,0.129365913,0.28315128,0.436653771,0.307999503,0.299345986,0.305518381,0.335712284,2.139409682,2.443889952,1.653570672,0.568776587,0.274141873,0.59937818,0.933838963,0.256955073,0.154992201,0.112319187,0.051531821,0.1,0.241
18:2w6,0.807781072,0.528995724,1.375350802,1.044008436,0.569598803,0.398634167,0.729533011,0.720895439,0.024465038,0.045436421,0.761010656,0.797199586,0.486561467,0.719782188,0.622204695,0.462549445,0.017883432,0.091704999,0.621313753,0.436732593,0.63668454,0.341157142,1.018801734,0.730171186,0.920522064,0.924507886,1.187912714,0.47526044,1.260160491,0.952610881,0.636149568,0.707443532,0.625735247,1.151713461,0.698578257,0.74128851,0.532800375,1.025954379,0.006599827,1.706453945,2.359245335,1.076492052,1.011660829,0.916160695,1.315829209,1.7937376,0.806876618,0.671195941,0.66521957,0.733227617,1.059883835,1.191493402,1.03652199,1.094294009,0.957367377,1.624209735,1.448508374,0.38457852,0.32361871,1.587209495,1.602643661,0.101968335,0.012814655,0.085929323,0.169947958,0.048759741,0.030133569,0.185536823,0.090261617,0.025242793,0.06358632,0.116762147,0.171087235,0.707083629,0.763092684,0.691485159,1.049800294,0.388664786,0.517055321,0.702478262,0.002808126,0.006133007,0.69815957,0.713379244,0.346270864,0.187958916,0.592096452,0.081217657,0.915924805,0.707278566,0.507010079,1.120869373,1.934716088,3.707739227,1.844504022,0.570396791,0.919719261,0.021297142,0.633160194,0.805709566,0.834603755,0.833849383,0.698129891,0.732191882,3.761908125,0.691015003,0.002195615,0.014819075,0.418513093,0.608923351,0.862859247,0.501269442,0.044725022,7,1.51
18:3w6,0.018575668,0.036550609,0.178090525,0.061805008,0.092880657,0.040053008,0.083261834,0.090722178,0.0015699,0.002147875,0.144520613,0.030146976,0.017525638,0.029724272,0.06178469,0.048049954,0.000301648,0.003047551,0.026584556,0.052115545,0.048183691,0.002283127,0.244514406,0.124227821,0.123076463,0.036678871,0.052492529,0.018079758,0.097215836,0.08751765,0.021706085,0.109274609,0.090129688,0.054389763,0.026514626,0.032245233,0.028519241,0.050982038,9.46E-05,0.213714096,0.391916996,0.129840244,0.074322343,0.066984819,0.35607087,0.555137352,0.05253917,0.063721293,0.005144047,0.02840285,0.028992475,0.080417685,0.042462704,0.047854354,0.071352781,0.051011451,0.06639891,0.004959913,0.003186424,0.070450552,0.072208534,0.011421604,0.000242464,0.009681286,0.028530488,0.000828958,0.000279172,0.00367665,0.000955266,0.000465368,0.001264027,0.002291524,0.003239025,0.032803816,0.06288724,0.058050119,0.031475861,0.056213131,0.093076147,0.101488413,3.60E-05,0,0.06391845,0.071918994,0.017775301,0.011078383,0.073713548,0.003565475,0.095411152,0.024533311,0.029027579,0.068827333,0.170009512,0.298679067,0.050774071,0.009973548,0.025630964,0.000904151,0.010140829,0.011784156,0.060261263,0.061696455,0.090410126,0.098206983,0.166582254,0.044200596,0,0.000211324,0.028728958,0.024104638,0.010246789,0.009566506,0.000286201,0,0.003
18:3w3,1.038043652,0.383245785,1.79129393,2.165086837,0.391802534,0.206585742,1.344265581,1.413925867,0.01716001,0.023007385,1.086233351,2.325121059,1.47553372,1.141315052,1.179334993,0.685751339,0.015514825,0.095533247,2.132425784,0.790339811,1.373163479,0.082104261,1.123536011,1.057553569,1.164551702,0.866458599,1.232915721,0.46631631,3.479534235,2.594855827,0.464700568,0.461171463,0.445643143,0.849589469,0.832407199,0.930896549,0.704863019,1.19361416,0.004026657,5.721478125,6.874681723,3.630358085,1.980721262,1.616541657,0.928362036,1.203391336,0.692523811,0.669893456,0.170464789,0.694064167,0.760017247,1.066750498,1.624378442,1.833063897,0.772393192,1.37095996,2.150617712,0.215642182,0.101373753,3.583253635,3.102341243,0.120564669,0.00828559,0.129723124,0.293274631,0.048500282,0.024095321,0.468646388,0.160510484,0.013467437,0.029452626,0.066767035,0.092312199,0.292168922,1.479559208,1.42517067,0.788454238,0.391372373,0.678503173,0.832713548,0.00234158,0.004283233,2.261319433,2.353167755,0.233564257,0.121144246,0.694238986,0.104844802,1.68124226,0.466444564,2.327598422,0.650681791,2.477616136,5.327510527,1.318788331,0.115692124,0.266203114,0.006779713,0.184619878,0.245424338,3.117664468,3.21547875,1.100681099,1.065662909,1.443533182,0.960157898,0.000706635,0.017577604,0.694247076,0.63428382,0.284120136,0.175435521,0.008742473,0.3,0.054
18:4w4,0,0,0,0,0,0,0,0,0,0,0,0,0,0,0,0,0,0,0,0,0,0,0,0,0,0,0,0,0,0,0,0,0,0,0,0,0,0,0,0,0,0,0,0,0,0,0,0,0,0,0,0,0,0,0,0,0,0,0,0,0,0,0,0,0,0,0,0,0,0,0,0,0,0,0,0,0,0,0,0,0,0,0,0,0,0,0,0,0,0,0,0,0,0,0,0,0,0,0,0,0,0,0,0,0,0,0,0,0,0,0,0,0,0,0
18:4w3,0.036809452,0.050083938,0.197462538,0.23738317,0.090076931,0.037389774,0.124158174,0.1372178,0.004383017,0.015736156,0.178976044,0.09453867,0.049532566,0.09132563,0.12162382,0.0883379,0.000655305,0.007289109,0.095718458,0.107388298,0.207245309,0.001078494,0.439923245,0.260560278,0.2609516,0.053659918,0.088217617,0.021615605,0.209477458,0.175208428,0.042101138,0.12698022,0.09308483,0.07203759,0.057414415,0.067629443,0.052855012,0.115917627,0.000278607,0.365918155,0.826041285,0.218227906,0.192672582,0.131115969,0.595349326,0.800314382,0.067465896,0.102440616,0.006698839,0.040948939,0.038804055,0.147221418,0.087990957,0.105837146,0.10361024,0.073215834,0.122362272,0.003591661,0.004420577,0.154447097,0.164221858,0.019944262,0.000107855,0.017538467,0.06270353,0.001672793,0.000742493,0.012128334,0.003134667,0.004097241,0.002729465,0.004483332,0.007509496,0.03536102,0.1593785,0.131232798,0.045559654,0.094746169,0.190155955,0.174961564,0.000754186,0.000931546,0.130348363,0.127448965,0.04123204,0.017984632,0.146486071,0.014739559,0.222633593,0.037730953,0.128118064,0.119037121,0.320608478,0.496498968,0.069473539,0.014764687,0.027699755,0.001020358,0.010023916,0.010021945,0.142862599,0.154801479,0.149899782,0.149774098,0.202968217,0.073190518,0.000126185,0.000671707,0.051462174,0.039687979,0.011757493,0.01147969,0.000369206,0,0.003
18:5w3,0,0,0,0,0,0,0,0,0,0,0,0,0,0,0,0,0,0,0,0,0,0,0,0,0,0,0,0,0,0,0,0,0,0,0,0,0,0,0,0,0,0,0,0,0,0,0,0,0,0,0,0,0,0,0,0,0,0,0,0,0,0,0,0,0,0,0,0,0,0,0,0,0,0,0,0,0,0,0,0,0,0,0,0,0,0,0,0,0,0,0,0,0,0,0,0,0,0,0,0,0,0,0,0,0,0,0,0,0,0,0,0,0,0,0
FA20:0,0.041005665,0.049760726,0.089546062,0.038385449,0.024241275,0.022353848,0.04685595,0.04768348,0.030018675,0.059238905,0.054973813,0.05064537,0.040116011,0.009540716,0.048842769,0.036546024,0.006928994,0.003925957,0.039434344,0.042211429,0.033339749,0.04890432,0.062319448,0.050602271,0.046776678,0.048051542,0.070201923,0.044445288,0.075707527,0.050083999,0.023255736,0.049160846,0.061753462,0.104366239,0.054447981,0.063276267,0.039831002,0.052703933,0.012650325,0.054533574,0.090605603,0.038154235,0.044711699,0.048169827,0.064707168,0.086518078,0.062009377,0.056548655,0.055559017,0.057590289,0.065170213,0.082726315,0.039045987,0.046062809,0.060133373,0.065755489,0.080881433,0.046499182,0.041040997,0.075575379,0.061972507,0.004194113,0.003295006,0.007146594,0.00827642,0.004156691,0.005359977,0.007052835,0.003123034,0.004986995,0.004438978,0.003138137,0.004305476,0.066740741,0.055025505,0.063593432,0.09364872,0.095334213,0.044802877,0.057895236,0.006094177,0.01356109,0.039842493,0.043876767,0.062552055,0.043814712,0.068197608,0.040877675,0.043508285,0.03765104,0.021991207,0.046924985,0.069509028,0.077884534,0.108338595,0.040788159,0.059441607,0.019276266,0.017556467,0.017733735,0.050005688,0.047573138,0.041354292,0.056225354,0.048930457,0.087329874,0.011691922,0.038000531,0.035675726,0.034676207,0.058251666,0.037378826,0.014984174,0.1,0.041
20:1w9,0,0,0,0,0,0,0,0,0,0,0,0,0,0,0,0,0,0,0,0,0,0,0,0,0,0,0,0,0,0,0,0,0,0,0,0,0,0,0,0,0,0,0,0,0,0,0,0,0,0,0,0,0,0,0,0,0,0,0,0,0,0,0,0,0,0,0,0,0,0,0,0,0,0,0,0,0,0,0,0,0,0,0,0,0,0,0,0,0,0,0,0,0,0,0,0,0,0,0,0,0,0,0,0,0,0,0,0,0,0,0,0,0,0,0
20:1w7,0,0,0,0,0,0,0,0,0,0,0,0,0,0,0,0,0,0,0,0,0,0,0,0,0,0,0,0,0,0,0,0,0,0,0,0,0,0,0,0,0,0,0,0,0,0,0,0,0,0,0,0,0,0,0,0,0,0,0,0,0,0,0,0,0,0,0,0,0,0,0,0,0,0,0,0,0,0,0,0,0,0,0,0,0,0,0,0,0,0,0,0,0,0,0,0,0,0,0,0,0,0,0,0,0,0,0,0,0,0,0,0,0,0,0
20:2w6,0.005474205,0.020103758,0.011988131,0.005039305,0.065693354,0.059486853,0.008756612,0.007173116,0.00452821,0.008490241,0.019781317,0.009519418,0.004434396,0.003210853,0.017201121,0.017272828,0.010398692,0.097854818,0.006319463,0.016002284,0.015844134,0.001784875,0.008515961,0.023407315,0.029468664,0.008459812,0.011711848,0.00228422,0.01331767,0.007689311,0.003653337,0.044241666,0.048410288,0.028149321,0.002525202,0.003973739,0.009654161,0.022896543,0.000177415,0.010921463,0.036833786,0.005830432,0.005909651,0.004731471,0.003862492,0.010770437,0.011560797,0.010373234,0.000964853,0.002005468,0.007397307,0.010147403,0.006974785,0.007810663,0.006764838,0.01344603,0.010295632,0.001247104,0.000346429,0.01106583,0.009286257,0.093545417,0.01535635,0.063874959,0.127306943,0.050432534,0.026537751,0.168616002,0.09477166,0.02188413,0.054184498,0.093203637,0.129747668,0.006366861,0.011887182,0.0116916,0.009909697,0.010662337,0.010101716,0.015510998,0.001242858,0.006949383,0.00477519,0.00543801,0.012642663,0.004681389,0.021602124,0.002362192,0.021025068,0.007108267,0.002241416,0.025077475,0.019675758,0.03760149,0.022810607,0.0186204,0.028112289,0.00096934,0.066376084,0.074269951,0.007955565,0.007268452,0.019022539,0.020635583,0.024958075,0.00717771,0.003251962,4.53E-05,0.011019117,0.003331128,0.003961437,0.001936023,0.00043468,0,0.002
20:3w6,0,0,0,0,0,0,0,0,0,0,0,0,0,0,0,0,0,0,0,0,0,0,0,0,0,0,0,0,0,0,0,0,0,0,0,0,0,0,0,0,0,0,0,0,0,0,0,0,0,0,0,0,0,0,0,0,0,0,0,0,0,0,0,0,0,0,0,0,0,0,0,0,0,0,0,0,0,0,0,0,0,0,0,0,0,0,0,0,0,0,0,0,0,0,0,0,0,0,0,0,0,0,0,0,0,0,0,0,0,0,0,0,0,0,0
20:4w6,0.243852447,0.366489574,0.578722387,0.10061663,0.362253793,0.169849833,0.25714025,0.265546893,0.004705164,0.007027817,0.558609024,0.30819277,0.209903023,0.151317888,0.389279699,0.289755859,0.038975034,0.236854994,0.237519795,0.352612481,0.231176271,0.102608251,0.730581487,0.648812223,0.697388747,0.501755901,0.713464304,0.188008201,0.523289558,0.388184825,0.255492196,0.551154628,0.472569677,0.611798426,0.60654413,0.637743645,0.210794651,0.35065373,0.000532244,0.343851966,0.898174881,0.250354613,0.390553543,0.265726326,0.713388915,1.148364597,0.415700341,0.522798778,0.294147971,0.273333893,0.679428404,0.687419258,0.422301379,0.45830145,0.353889347,0.705074266,0.659105273,0.177245617,0.144341761,0.535012944,0.484642787,0.23754089,0.027902622,0.089305518,0.335364929,0.092160712,0.047202399,0.401766009,0.228285225,0.054428007,0.089512767,0.244111839,0.341943445,0.306118891,0.327813427,0.305829359,0.289422901,0.117964215,0.44080892,0.605151989,0.00300094,0.003162087,0.257601149,0.249562181,0.361488843,0.055811424,0.567360541,0.008516944,0.490594752,0.307509467,0.027799437,0.737698931,0.774247123,0.996009153,0.92544361,0.358230215,0.435923482,0.010382144,0.303865785,0.41389651,0.191573429,0.223528907,0.481349149,0.503991071,0.884182749,0.248495887,0.000364133,0.000588687,0.086720302,0.219679932,0.310941869,0.19500891,0.00415383,0.3,0.026
20:3w3,0,0,0,0,0,0,0,0,0,0,0,0,0,0,0,0,0,0,0,0,0,0,0,0,0,0,0,0,0,0,0,0,0,0,0,0,0,0,0,0,0,0,0,0,0,0,0,0,0,0,0,0,0,0,0,0,0,0,0,0,0,0,0,0,0,0,0,0,0,0,0,0,0,0,0,0,0,0,0,0,0,0,0,0,0,0,0,0,0,0,0,0,0,0,0,0,0,0,0,0,0,0,0,0,0,0,0,0,0,0,0,0,0,0,0
20:4w3,0,0,0,0,0,0,0,0,0,0,0,0,0,0,0,0,0,0,0,0,0,0,0,0,0,0,0,0,0,0,0,0,0,0,0,0,0,0,0,0,0,0,0,0,0,0,0,0,0,0,0,0,0,0,0,0,0,0,0,0,0,0,0,0,0,0,0,0,0,0,0,0,0,0,0,0,0,0,0,0,0,0,0,0,0,0,0,0,0,0,0,0,0,0,0,0,0,0,0,0,0,0,0,0,0,0,0,0,0,0,0,0,0,0,0
20:5w3,2.075448307,1.583528807,2.640246191,0.846174589,2.651167789,0.949565306,3.507139824,3.734288351,0.024759962,0.045085907,3.554255436,2.05885829,1.454173747,1.261351,1.70507341,1.208703677,0.026787256,0.261996556,1.862829443,1.557238438,1.35453974,0.134117922,1.631741449,2.312196205,2.488805348,1.264558773,2.108109579,0.728092926,3.421623723,2.73028242,1.285003531,2.914335875,2.488967327,2.583654635,2.370201199,2.604061244,2.23247911,4.098558759,0.00070703,1.83104096,2.964816661,1.258802163,3.055820993,2.016486516,2.140913383,3.060178099,1.157231921,1.67551585,0.383261833,1.192611725,1.489173002,2.140229896,2.274016297,2.56070019,0.464403838,1.447882925,2.267288347,0.261906196,0.24313534,2.491956553,2.003737866,0.422445407,0.020434722,0.207737081,0.919291375,0.068782673,0.037392704,0.393280664,0.168823492,0.049943719,0.085732591,0.132601427,0.180505609,1.100164884,2.94834628,2.738596365,1.773427492,0.71919722,2.448198866,3.149071713,0.002010952,0.003454321,1.348535422,1.272908016,0.481284878,0.10122695,1.396805147,0.01807795,1.474589263,0.666099364,0.547432465,1.867375307,1.751440099,2.681414357,1.790849153,0.35018841,0.475066463,0.012717631,0.476888986,0.646914337,1.743513192,2.091027379,2.403395711,2.699978116,2.295626977,1.671260457,0.001467349,0.003528351,0.532493137,0.529694344,0.43992555,0.425705407,0.003765765,0.5,0.03
FA22:0,0.040732972,0.046002238,0.027043175,0.018499882,0.011918723,0.014767214,0.034097853,0.03044667,0.037852296,0.058956546,0.036965182,0.043244249,0.038101127,0.003188811,0.046752607,0.029342763,0.002970418,0.001509608,0.036440746,0.033388548,0.026799731,0.042206308,0.014515367,0.041069164,0.041441236,0.024285637,0.038000929,0.021345253,0.057563743,0.034816817,0.007040627,0.035335541,0.053132511,0.053597498,0.028293129,0.038888827,0.020091583,0.054705053,0.004275037,0.035398484,0.084295176,0.027838855,0.036019421,0.043684787,0.018265499,0.018216665,0.055769897,0.053145331,0.040137902,0.03142755,0.030049666,0.043940848,0.034754661,0.043750948,0.023740002,0.035983235,0.046174592,0.021991797,0.019677882,0.071361632,0.035498529,0.00176134,0.001489901,0.001741191,0.002364034,0.001571033,0.002104933,0.002616917,0.001626149,0.002317732,0.001581522,0.001779255,0.002618289,0.054135751,0.051421519,0.049032997,0.028606169,0.070778529,0.030703026,0.044815499,0.001515958,0.003914218,0.030123925,0.031421383,0.029956881,0.038419531,0.066271172,0.032538222,0.036626363,0.011171846,0.0076086,0.043700503,0.018517667,0.018965576,0.0398982,0.022044677,0.02715379,0.029802961,0.015610697,0.021677571,0.039503234,0.040531491,0.030172087,0.039686998,0.010550004,0.063715839,0.021523521,0.03129855,0.022413159,0.029688819,0.029228079,0.028891597,0.01769611,0,0.02
22:1w9,0,0,0,0,0,0,0,0,0,0,0,0,0,0,0,0,0,0,0,0,0,0,0,0,0,0,0,0,0,0,0,0,0,0,0,0,0,0,0,0,0,0,0,0,0,0,0,0,0,0,0,0,0,0,0,0,0,0,0,0,0,0,0,0,0,0,0,0,0,0,0,0,0,0,0,0,0,0,0,0,0,0,0,0,0,0,0,0,0,0,0,0,0,0,0,0,0,0,0,0,0,0,0,0,0,0,0,0,0,0,0,0,0,0,0
22:1w7,0,0,0,0,0,0,0,0,0,0,0,0,0,0,0,0,0,0,0,0,0,0,0,0,0,0,0,0,0,0,0,0,0,0,0,0,0,0,0,0,0,0,0,0,0,0,0,0,0,0,0,0,0,0,0,0,0,0,0,0,0,0,0,0,0,0,0,0,0,0,0,0,0,0,0,0,0,0,0,0,0,0,0,0,0,0,0,0,0,0,0,0,0,0,0,0,0,0,0,0,0,0,0,0,0,0,0,0,0,0,0,0,0,0,0
22:4w6,0,0,0,0,0,0,0,0,0,0,0,0,0,0,0,0,0,0,0,0,0,0,0,0,0,0,0,0,0,0,0,0,0,0,0,0,0,0,0,0,0,0,0,0,0,0,0,0,0,0,0,0,0,0,0,0,0,0,0,0,0,0,0,0,0,0,0,0,0,0,0,0,0,0,0,0,0,0,0,0,0,0,0,0,0,0,0,0,0,0,0,0,0,0,0,0,0,0,0,0,0,0,0,0,0,0,0,0,0,0,0,0,0,0,0
22:5w6,0,0,0,0,0,0,0,0,0,0,0,0,0,0,0,0,0,0,0,0,0,0,0,0,0,0,0,0,0,0,0,0,0,0,0,0,0,0,0,0,0,0,0,0,0,0,0,0,0,0,0,0,0,0,0,0,0,0,0,0,0,0,0,0,0,0,0,0,0,0,0,0,0,0,0,0,0,0,0,0,0,0,0,0,0,0,0,0,0,0,0,0,0,0,0,0,0,0,0,0,0,0,0,0,0,0,0,0,0,0,0,0,0,0,0
22:5w3,0.005433505,0.01219431,0.040514294,0.002868566,0.21054872,0.091705415,0.01530837,0.018347438,0.000503639,7.59E-05,0.005920773,0.009393483,0.00829901,0.010679577,0.002402373,0.002788905,0.039676404,0.601413999,0.010297082,0,0.010122103,0.006206068,0.029926324,0.003591858,0.005256251,0.005464268,0.01159328,0.002580856,0.008299542,0.008192778,0.004591355,0.005710377,0.004482037,0.030712217,0.021165541,0.022717919,0.009168417,0.019344166,0,0.008838355,0.003609895,0.006413676,0.009595696,0.005337691,0.034437077,0.048261973,0.000571078,0.000550775,0.006323925,0.002951374,0.007548767,0.013854183,0.005689375,0.006051638,0.008597121,0.00872251,0.00421593,0.000919294,0.000526861,0.009882691,0.004913501,0.443395735,0.028369157,0.172321946,0.567220731,0.115621469,0.060637401,0.56324315,0.321381616,0.082406544,0.170719069,0.321798807,0.456128393,0.008818129,0.027192509,0.02211029,0.001780796,0.002642967,0.006758424,0.015354862,0.004038973,0.003700331,0.004441086,0.003158727,0.012550446,0.000160708,0.0010298,0.000109627,0.00071999,0.004059584,0.003745494,0.003257385,0.060232514,0.109432615,0.042967622,0.04017793,0.03615976,0.00105437,0.06389307,0.080896002,0.009409131,0.013717735,0.007075622,0.009132539,0.01986019,0.021201316,0.000209106,9.06E-05,0.00018289,0.000152086,4.60E-05,6.03E-05,6.77E-06,0,0.001
22:6w3,0.008331374,0.01514477,0.014410604,0.003521532,0.263277242,0.097673805,0.022968163,0.034810117,0.000748652,0.001121647,0.006265981,0.011553758,0.007214496,0.009992587,0.006349363,0.001269883,0.00248154,0.032982728,0.003188485,0.003113958,0.005206428,0.0010848,0.018524573,0.000922437,0.000262318,0.003439678,0.002381233,9.26E-05,0.018473359,0.015159723,0.003104788,0.003508786,0.008376477,0.007561076,0.004242612,0.004484254,0.008822324,0.021322018,8.28E-05,0.01725886,0.003490483,0.010164541,0.013124516,0.006158306,0.014911888,0.02067658,0.001154264,0.001641562,0.000203998,0.00157651,0.002586937,0.003262351,0.010217022,0.013681964,0.004109357,0.004933454,0.003189006,0.000228042,0.000111868,0.015273249,0.009010685,0.079012378,0.002821783,0.027542681,0.132230248,0.005114188,0.003270772,0.035405059,0.024568037,0.005822107,0.005693083,0.028796559,0.039927745,0.003308139,0.032837427,0.025365104,0.003153257,0.003121157,0.00418326,0.006539869,0,0.000383117,0.008770803,0.007635485,0.005069661,0.000244192,0.008341971,8.61E-05,0.007888091,0.002133679,0.004243084,0.007063151,0.037386003,0.079090348,0.00867669,0.006462465,0.007686351,0.000238084,0.11614214,0.162069357,0.009431803,0.010291637,0.003676602,0.003899493,0.061498053,0.00633403,7.21E-05,0.000177361,0.001481408,0.001463104,0.000488244,0.00050948,0.000141972,0,0.001
FA23:0,0,0,0,0,0,0,0,0,0,0,0,0,0,0,0,0,0,0,0,0,0,0,0,0,0,0,0,0,0,0,0,0,0,0,0,0,0,0,0,0,0,0,0,0,0,0,0,0,0,0,0,0,0,0,0,0,0,0,0,0,0,0,0,0,0,0,0,0,0,0,0,0,0,0,0,0,0,0,0,0,0,0,0,0,0,0,0,0,0,0,0,0,0,0,0,0,0,0,0,0,0,0,0,0,0,0,0,0,0,0,0,0,0,0,0
FA24:0,0.008376145,0.004995927,0.015078336,0.002011236,0.007853511,0.007046224,0.00885979,0.008394072,0.026615711,0.050236523,0.006101774,0.006551865,0.006358446,0.001458477,0.002767165,0.003054976,0.001530531,0.000215937,0.00652074,0.001167734,0.001732892,0.004225676,0.00770155,0.006995463,0.00502858,0.00204349,0.003191446,0.002978873,0.012105409,0.008087308,0.001127268,0.004943261,0.004675043,0.004897152,0.002233311,0.003311449,0.009435576,0.010556299,0.000871303,0.009196805,0.007972999,0.006813903,0.006950328,0.00715635,0.00738712,0.010066813,0.007056747,0.006329431,0.002139218,0.00295504,0.001829637,0.003925392,0.006203981,0.007943699,0.008822836,0.002404003,0.002484151,0.002551219,0.002544087,0.016032483,0.010839166,0.001671719,0.000990759,0.002083029,0.003480204,0.00036955,0.000737251,0.000855267,0.000389087,0.001038198,0.001327526,0.000381269,0.001239137,0.003727859,0.010247799,0.00976718,0.001633342,0.004303707,0.003553284,0.0066737,0.002076066,0.00470474,0.00597751,0.006562881,0.00272826,0.005539191,0.008460339,0.003205273,0.00289813,0.000915005,0.000667223,0.00404157,0.006874875,0.006128634,0.002010557,0.002057417,0.001833756,0.028935657,0.004345274,0.005591048,0.008280539,0.006267839,0.002607095,0.003078668,0.001647957,0.004002335,0.012510321,0.00272834,0.002103234,0.00219979,0.001317308,0.002321939,0.001249589,0,0.008
FA26:0,0,0,0,0,0,0,0,0,0,0,0,0,0,0,0,0,0,0,0,0,0,0,0,0,0,0,0,0,0,0,0,0,0,0,0,0,0,0,0,0,0,0,0,0,0,0,0,0,0,0,0,0,0,0,0,0,0,0,0,0,0,0,0,0,0,0,0,0,0,0,0,0,0,0,0,0,0,0,0,0,0,0,0,0,0,0,0,0,0,0,0,0,0,0,0,0,0,0,0,0,0,0,0,0,0,0,0,0,0,0,0,0,0,0,0
FA27:0,0,0,0,0,0,0,0,0,0,0,0,0,0,0,0,0,0,0,0,0,0,0,0,0,0,0,0,0,0,0,0,0,0,0,0,0,0,0,0,0,0,0,0,0,0,0,0,0,0,0,0,0,0,0,0,0,0,0,0,0,0,0,0,0,0,0,0,0,0,0,0,0,0,0,0,0,0,0,0,0,0,0,0,0,0,0,0,0,0,0,0,0,0,0,0,0,0,0,0,0,0,0,0,0,0,0,0,0,0,0,0,0,0,0,0
FA28:0,0,0,0,0,0,0,0,0,0,0,0,0,0,0,0,0,0,0,0,0,0,0,0,0,0,0,0,0,0,0,0,0,0,0,0,0,0,0,0,0,0,0,0,0,0,0,0,0,0,0,0,0,0,0,0,0,0,0,0,0,0,0,0,0,0,0,0,0,0,0,0,0,0,0,0,0,0,0,0,0,0,0,0,0,0,0,0,0,0,0,0,0,0,0,0,0,0,0,0,0,0,0,0,0,0,0,0,0,0,0,0,0,0,0,0
FA29:0,0,0,0,0,0,0,0,0,0,0,0,0,0,0,0,0,0,0,0,0,0,0,0,0,0,0,0,0,0,0,0,0,0,0,0,0,0,0,0,0,0,0,0,0,0,0,0,0,0,0,0,0,0,0,0,0,0,0,0,0,0,0,0,0,0,0,0,0,0,0,0,0,0,0,0,0,0,0,0,0,0,0,0,0,0,0,0,0,0,0,0,0,0,0,0,0,0,0,0,0,0,0,0,0,0,0,0,0,0,0,0,0,0,0,0
FA30:0,0,0,0,0,0,0,0,0,0,0,0,0,0,0,0,0,0,0,0,0,0,0,0,0,0,0,0,0,0,0,0,0,0,0,0,0,0,0,0,0,0,0,0,0,0,0,0,0,0,0,0,0,0,0,0,0,0,0,0,0,0,0,0,0,0,0,0,0,0,0,0,0,0,0,0,0,0,0,0,0,0,0,0,0,0,0,0,0,0,0,0,0,0,0,0,0,0,0,0,0,0,0,0,0,0,0,0,0,0,0,0,0,0,0,0
